,title,summary
0,동백동산 습지센터,"약 1만여 년 전 형성된 용암대지 위에 뿌리내린 숲 곶자왈은 비가 오면 수십, 수백 개의 습지가 형성되는 특별한 지형으로, 2011년 람사르 습지 보호지역으로 지정됨은 물론, 유네스코 세계지질공원 대표명소로 지정된 곳이다. 제주 동백동산은 남방계 식물과 북방계 식물이 함께 자생하는 독특한 생태계로, 우리나라 특산식물인 제주고사리삼의 서식지이자 남한 최대의 상록활엽수림지대이다. 그 가운데 선흘 1리는 한라산을 중심으로 동북방향 중산간에 위치한 곳으로, 제주의 숲 곶자왈을 가지고 있는 마을이다. ‘선흘[善屹]’은 “착한 기상이 산과 같이 높게 뻗어 나아가라는 뜻”으로, ‘흘’은 깊은 숲을 의미한다.


* 문의 : 064-784-9445
* 개장일 : 09:00~18:00
* 해설가능시간 : 10:00 / 14:00 (당일예약 불가)
* 관련 홈페이지 : <a href=""http://ramsar.co.kr/""target=""_blank"" title=""새창: 선흘리 동백동산 홈페이지로 이동"">http://ramsar.co.kr/</a>

◎이용안내
- 이용요금 : 각 프로그램 별로 상이
- 화장실 : 있음(남녀구분)
- 장애인 편의시설 : 장애인주차장 5대  / 장애인화장실 있음(남녀구분)
- 주차시설 : 있음"
1,경북동해안지질공원,"상북도 동해안을 따라 위치한 경주, 포항, 영덕, 울진의 아름답고 희소성 있는 지질·지형 유산을 보존 및 활용하고자 조성된 경북 동해안 지질공원은 동해의 발달과 연관되어 나타나는 다양한 지질·지형 명소들을 보유하고 있다.


* 문의 : 053-950-7996
* 관련 홈페이지 : <a href=""http://www.geotourism.or.kr/"" target=""_blank"" title=""새창 : 경북동해안지질공원 홈페이지로 이동"">http://www.geotourism.or.kr/</a>

◎이용안내
- 이용요금 : 무료 해설 프로그램 제공(각 명소당 20명 이하 인원 제한)
- 화장실 : 있음(남녀구분)
- 장애인 편의시설 : 장애인 화장실 있음(남녀구분)
- 주차시설 : 있음(일반 다수 가능 / 대형 다수 가능)"
2,시화호,"시화방조제가 조성되면서 생긴 인공호수 시화호는 안산시, 시흥시, 화성시 등 3개 지역과 면이 닿아 있다. 규모는 호수면적 4,380만㎡, 방조제 길이 약 1만2,700m, 담수면적 5,650만㎡, 유역면적 4억7,650만㎡로 시화호 인근유역에 100만여 명의 주민이 거주하고 있을 정도다. 드넓은 시화호 유역은 희귀 생물이 찾는 철새 도래지다. 희귀종인 장다리물떼새와 천연기념물인 큰고니, 검은머리물떼새 등이 매년 겨울이면 방문한다. 시화호 갯벌도 생명력이 가득하다. 갯지렁이류와 갑각류, 연체동물, 대형 무척추동물 등 총 214종의 다양한 해양생물이 서식하고 있다. 최근에는 전 세계적으로 희귀종인 저어새 또한 이곳에서 발견되었다.<br>
시화호는 원래 주변 지역의 농업과 공업 단지에 용수를 공급하기 위한 담수호로 조성되었다. 1994년 물막이 공사를 끝내고 방조제를 완공했으나 이후 수질이 악화되고 생태계가 파괴되었다. 결국 정부는 담수화 계획을 폐지하고 2001년 다시 해수를 유입시키면서 해수호로 관리하고 수질 개선을 위한 노력을 다하였다. 이후 시화호의 수질이 이전 수준으로 회복하였고, 해양생물과 철새들이 찾아들기 시작하면서 새로운 생태환경이 조성되었다. 시화호는 국내 최초의 조력발전소인 시화호조력발전소가 설치되고 갈대습지공원이 조성되면서 생태관광지로 부상하고 있다.<br>


* 휴무일 : 연중무휴  
* 관련 홈페이지 : <a href=""www.shihwaho.kr""target=""_blank"" title=""새창: 시화호 홈페이지로 이동"">www.shihwaho.kr</a>

◎이용안내
- 이용요금 : 없음
- 화장실 : 있음
- 주차시설 : 있음"
3,문경활공랜드,"<문경 활공랜드> 항공레포츠의 메카로 자리 잡은 문경 활공랜드는 편리한 교통망과 접근성이 양호한 전국 최고의 입지여건을 갖추고 있으며, 문경읍이 아늑한 분지로 상승기류 형성이 잘되고 서, 남, 북풍이 불어와서 안정적 기류를 유지해 주고 주변에 고압선이 전혀 없다. 
주위에 주흘산, 조령산, 성주봉 등 백두대간 명산들이 둘러싸고 있어 활공 시 최상의 경관과 쾌감을 느낄 수 있으며, 활공과 함께 당일 관광코스로는 문경온천, 문경새재, 태조왕건촬영장, 전통도예지, 석탄박물관, 문경팔경 등 다양한 명소가 있다.


* 이용시간 : 동절기 09:00~16:00 / 하절기 08:00~18:00
* 휴무일 : 기상여건에 따라 상이
* 관련 홈페이지 : <a href=""https://www.flyingland.net/main/index.php"" target=""_blank"" title=""새창 : 문경활공랜드 홈페이지로 이동"">https://www.flyingland.net/main/index.php</a>

◎이용안내
- 이용요금 : 
일반코스 - 비행시간 10분 내외, 130,000원
액티브코스 - 비행시간 15분 이상, 170,000원
VIP코스 - 비행시간 20분 이상, 220,000원
VVIP코스 - 비행시간 30분 이상, 300,000원
-단체예약은 전화상담.(예약시간은 08:00~18:00까지 시간별로 예약받음)
- 화장실 : 있음(남녀구분)
- 장애인 편의시설 : 없음 
- 주차시설 : 있음(일반/대형 다수 가능)"
4,화포천습지 생태공원,"화포천습지는 낙동강 배후 자연습지이자 국내 최대규모의 하천형 습지로 노랑부리저어새와 큰 기러기를 비롯한 매우 희귀한 동식물이 서식하고 있는 생명의 땅이다. 창포의 푸르른 잎이 고개를 내밀고 수많은 철새들의 화려한 군무로 활기찬 화포천의 모습을 보여줄 것이다. 계절마다 바뀌는 화포천 습지의 모습과 그 속에 살아 숨 쉬는 생명의 신비감을 오감을 통해 느껴보자.

* 문의 : 055-342-9834
* 개장일 : 09:00~18:00
* 휴무일 : 매주 월요일, 1월 1일, 명절 / 시설의 개·보수 등의 사유로 휴관이 필요하다고 인정되는 날
 * 관련 홈페이지 : <a href=""https://www.gimhae.go.kr/hwapo.web""title=""새창: 화포천습지 생태공원""target=""_blank"">https://www.gimhae.go.kr/hwapo.web</a>

◎이용안내
- 이용요금 : 각 프로그램 별로 이용료 상이
※ 온라인을 통한 사전 예약 필수
- 화장실 : 있음 (남녀구분)
- 장애인 편의시설 : 장애인주차장 2대 / 장애인화장실 있음(남녀구분)
- 주차시설 : 있음"
5,월출산국립공원,"호남의 5대 명산 중 하나로 꼽히는 월출산은 ‘달뜨는 산’이라는 이름처럼 수려한 자연을 품은 한반도 최남단의 산악형 국립공원이다. 주변 지역이 평야지대여서 가운데 우뚝 솟은 산세가 더욱 돋보이며 다양한 기암괴석으로 ‘호남의 소금강’에 비견되기도 한다. 식물 약 700종, 동물 약 800종이 서식하고 있으며, 오랜 세월 암석지형에 적응해 온 생태적인 독특성과 난대림 및 온대림이 섞여 있어 보전 가치가 매우 크다. 

주요 탐방로는 천황사 터, 또는 바람계곡에서 천황봉, 구정봉, 도갑사로 이어지는 종주능선으로 약 6시간 걸린다. 급경사 지역이어서 안전에 유의해야 하나 사방이 탁 트여 조망이 훌륭하다. 또한 우리나라에서 가장 높은 곳에 있는 구름다리와 구정봉의 아홉 개 물웅덩이, 천년 이상의 역사와 국보급 문화재를 간직하고 있는 도갑사와 무위사, 그리고 미왕재 억새밭도 명소로 꼽힌다. 월출산 곳곳에 자연관찰로가 조성되어 자연생태계를 둘러볼 수 있으며 공원관리사무소가 해설 프로그램을 운영해 다양하게 탐방할 수 있다. 목포시, 나주시, 해남군과도 가까워 다도해 관광을 겸할 수 있다.

* 문의 : 061-473-5210
* 휴무일 : 연중무휴
* 지정현황 : 영암월출산마애여래좌상(국보), 강진무위사극락보전(국보) 등 
* 관련 홈페이지 : <a href=""http://wolchul.knps.or.kr"" target=""_blank"" title=""새창 : 월출산국립공원 홈페이지로 이동"">http://wolchul.knps.or.kr</a>

◎이용안내
- 이용요금 : 없음
- 화장실 : 있음"
6,옹진군 신도,"신도는 인천광역시 옹진군 북도면에 있는 섬으로 근처의 시도, 모도와 함께 형제섬으로 불린다. 이들 섬은 희귀 조류의 서식지로 유명한데 특히 신도는 멸종위기 야생생물인 여름철새 노랑부리백로와 텃새인 괭이갈매기가 번식하는 장소다. 1988년 천연기념물 (옹진 신도 노랑부리백로와 괭이갈매기 번식지)로 지정하여 보호하고 있다. 신도는 간석지로 인해 경지면적이 넓어 주민 대부분이 농업에 종사하고 있다. 해변에서는 조기·새우·갈치·꽃게·갯지렁이·망둑어·맛조개 등이 많이 잡힌다. 신도에는 봄이면 벚꽃이 만발하여 장관을 이루는 구봉산과 신도와 시도, 시도와 모도를 잇는 연도교, 수기해수욕장 등 관광자원이 풍부하여 관광객의 발길을 끌고 있다. 특히 구봉정에서 내려다보는 서해 바다와 인천공항의 야경이 일품이다. 산과 바다가 조화롭게 어우러지는 풍광이 아름다워 <슬픈 연가>, <풀하우스> 등 유명 드라마의 배경이 되기도 했다. 신도는 주민들의 심성이 착하고 신의가 두터워 유래한 지명이다. 주민들이 서로 믿고 살아간다 하여 ‘믿을 신(信)’ 자를 써서 신도(信島)라고 부른다. 소금을 생산하는 염전이 있어 진짜 소금을 생산하는 곳이라는 뜻에서 진염(眞鹽)으로 부르기도 한다. 


* 문의 : 032-899-3410
* 휴무일 : 연중무휴
* 지정현황 : 옹진 신도 노랑부리백로와 괭이갈매기 번식지(천연기념물) 
* 관련 홈페이지 : <a href=""https://www.ongjin.go.kr/open_content/tour/"" target=""_blank"" title=""새창 : 옹진관광문화 홈페이지로 이동"">https://www.ongjin.go.kr/</a>

◎이용안내
- 이용요금 : 없음
- 화장실 : 있음
- 주차시설 : 있음, 무료"
7,순천만국가정원,"순천만을 보호하기 위하여 조성한 순천만국가정원은 순천 도사동 일대 정원부지 112만㎡(34만 평)에는 나무 505종 79만 주와 꽃 113종 315만 본이 식재됐다. 튤립과 철쭉 등이 꽃망울을 터뜨려 장관을 이루고 있다. 나눔의 숲 주변 3만㎡는 유채꽃 단지로 조성했는데, 5월 중순 일제히 만개해 ‘노란 물결’을 이룰 예정이다.

* 문의 : 061-749-2728
* 관련 홈페이지 : <a href=""https://scbay.suncheon.go.kr/garden/#firstSection"" target=""_blank"" title=""새창 : 순천만국가정원 사이트로 이동"">https://scbay.suncheon.go.kr/</a>
◎이용안내
- 이용요금
일반 8,000원 / 단체 6,000원 / 순천시민 2,000원
청소년·군인 일반 6,000원 / 단체 5,000원 / 순천시민 1,500원
어린이 일반 4,000원 / 단체 3,000원 / 순천시민 무료
- 화장실 : 있음(남녀구분)
- 장애인 편의시설 : 장애인화장실 있음(남녀구분) / 장애인주차장 있음 
- 주차시설 : 있음(일반 800여 대, 대형 200여 대)"
8,속리산국립공원,"1970년 6번째 국립공원으로 지정되었으며 예로부터 제2금강 또는 소금강이라 불릴 만큼 경관이 빼어나다.
총면적 274.766k㎡에 달하는 속리산국립공원은 충북과 경북의 여러 지역에 걸쳐 바위로 이루어진 산으로, 주요 봉우리인 천왕봉과 비로봉, 문장대는 백두대간의 장엄한 산줄기를 잇고 있어 암봉과 암릉이 잘 발달되어 있다. 속리산에는 많은 산들이 접해 있으며, 남쪽의 천왕봉(1,058m)을 중심으로 비로봉, 문장대, 관음봉 등 8개의 봉우리가 활처럼 휘어져 뻗어나간다.


* 문의 : 043-542-5267
* 관련 홈페이지 : <a href=""http://songni.knps.or.kr/"" target=""_blank"" title=""새창 : 속리산국립공원 홈페이지로 이동"">http://songni.knps.or.kr/</a>

◎이용안내
- 이용요금 : 시설 이용료 상이, 홈페이지 참조
- 화장실 : 있음(남녀구분)
- 장애인 편의시설 : 장애인 주차장 있음(10여 대)
- 주차시설 : 있음"
9,고성 DMZ,"우리나라 최북단 강원도 고성은 남한 고성과 북한 고성으로 나뉜 분단군이다. 이런 지리적 특성으로 남쪽 고성은 남북 최고 명산이라는 설악산과 금강산 사이에 있으며 산과 하천, 바다, 호수, 섬들이 어우러진 모습이 뛰어나다. 비무장지대(DMZ)와 남방한계선이 만나는 해발 70m 고지의 통일전망대에 서면 금강산의 구선봉과 해금강이 지척에 보이고, 맑은 날에는 신선대·옥녀봉 등 금강산 봉우리를 볼 수 있다. 화진포는 둘레 16km의 동해안 최대의 자연호수로 해당화와 울창한 송림으로 둘러싸여 있고 넓은 갈대밭 위로 철새 떼가 날아다닌다.
금강산 육로 관광의 길목에 위치한 통일전망대는 세계 유일의 분단국가의 실상을 그대로 보여주는 교육장이며 체험장이다. 통일안보공원에서 출입신청을 하고 사전교육을 받아야 출입할 수 있다. 통일전망대에서 바라보는 화진포는 그 수려함에 예로부터 유명인들의 별장이 많았다. 현재 이승만 초대 대통령별장과 이기붕별장, 화진포의 성(김일성별장)이 역사안보전시관으로 운영되고 있다. DMZ박물관에서는 6·25전쟁 전후의 휴전협상 과정과 DMZ 탄생 배경, 시대별 사건과 대북협력사업 등을 소개한다.

※ 민간인 통제구역
비무장지대 바깥 남방한계선을 경계로 남쪽 5~20㎞에 있는 민간인통제구역으로, 민간인출입통제선이라고도 부른다.
1953년 이후 남북 군대의 군사분계선으로 해 양쪽이 뒤로 2km씩 물러난 그곳을 DMZ으로 정하고 출입을 통제했다.


* 문의 : 고성군청 관광문화체육과 033-680-3365
* 개장일 : 통일전망대 09:00~17:50(하절기 기준) / DMZ박물관 09:00~18:00(하절기 기준)
* 휴무일 : DMZ박물관 1월1일, 매주 월요일
* 지정현황 : 화진포(강원도 기념물)
* 관련 홈페이지 : <a href=""https://www.gwgs.go.kr/tour/""target=""_blank"" title=""새창: 디엠지기 홈페이지로 이동"">https://www.gwgs.go.kr/tour/</a>
◎이용안내
- 이용요금 : 통일전망대 3,000원, 어린이 1,500원 / DMZ박물관 무료
- 화장실 : 있음"
10,대청호자연생태관,"상수원보호지역인 청정한 대청호숫가에 위치하여 자연과 사람이 조화를 이루는 환경 속에서 어린이들과 학생들이 즐거운 체험과 함께 소중한 자연을 이해하고 느낄 수 있는 곳이다. 뿐만 아니라 드넓고 잔잔한 대청호반 드라이브와 함께 식장산과 세천공원, 직동 녹색체험마을, 대청댐 등을 아우르는 1일 생태문화관광에 안성맞춤이다. 복잡하고 공해에 찌든 도심을 벗어나, 어린이들은 자연과 어우러진 대청호 자연생태관에서 자연환경의 소중함과 옛 농촌생활의 정취를, 어른들은 고향에 대한 향수와 자연의 편안한 여유를 느낄 수 있다.

* 문의 : 042-251-4781
* 개장일 : 09:00~18:00
* 휴무일 : 매주 월요일, 1월 1일, 설날, 추석 당일
* 관련 홈페이지 : <a href=""https://www.donggu.go.kr/dg/tour/contents/542"" target=""_blank"" title=""새창 : 대전동구 문화관광 홈페이지로 이동"">https://www.donggu.go.kr/dg/tour/contents/542</a>

◎이용안내
- 이용요금 : 무료 / 20인이상의 단체관람의 경우 방문 전 미리 인터넷 예약
- 화장실 : 있음(남녀구분)
- 장애인 편의시설 : 장애인주차장 4대 / 장애인화장실 있음(남녀공용)
- 주차시설 : 있음"
11,양구DMZ,"강원도 양구DMZ는 군사 통제구역으로 잘 보존된 자연경관을 둘러볼 수 있는 생태관광지다. 양구하면 펀치볼을 빼놓을 수 없다. 펀치볼은 해안면에 위치한 해발 400∼500m 고지대에 발달한 분지로 그 주위가 마치 화채(Punch) 그릇(Bowl) 같다고 해서 붙은 이름이다. 펀치볼은 우리나라에서 유일하게 민간인 출입통제선 안에 위치한 면이며, 많은 희귀 동식물이 서식한다. 특히 해발 1,304m의 대암산 정상 부분에 있는 남한 유일의 고층습원인 ‘용늪’은 수천 년의 생태계 변화를 간직하고 있다. 용늪은 대암산·대우산천연보호구역으로 묶어 천연기념물로 지정돼 있다. 50여 년 만에 개방된 두타연도 천연기념물인 산양, 하늘다람쥐, 쇠딱따구리 등이 많이 서식하고 있는 생태의 보고다. 두타연의 생태관광코스는 걷기길로 인기있다.<br /><br />양구DMZ 안보관광 코스가 잘 짜여 있다. 약 60km의 양구DMZ 코스 중 인기 있는 제4땅굴과 을지전망대를 둘러보기 위해서는 통일관에서 출입신청서를 작성해야 한다. 제4땅굴은 1990년 3월 발견됐으며 땅굴 내부를 관람할 수 있는 전동차를 운행하고 있다. 우리나라 최전방 가칠봉 능선에 위치한 을지전망대에서는 내금강의 4개 봉우리를 전망할 수 있다. 인근에 박수근미술관, 방산자기박물관 등이 있다.<br /><br />※ 민간인 통제구역<br />비무장지대 바깥 남방한계선을 경계로 남쪽 5~20㎞에 있는 민간인통제구역으로, 민간인출입통제선이라고도 부른다. 1953년 이후 남북 군대의 군사분계선으로 해 양쪽이 뒤로 2km씩 물러난 그곳을 DMZ으로 정하고 출입을 통제했다.<br>"
12,월악산국립공원,"1984년 17번째 국립공원으로 지정되었으며 면적은 287.571k㎡이다. 소백산을 지나 속리산으로 연결되는 백두대간의 중간에 위치하고 있다. 월악산은 기암절벽이 치솟아 산세가 험준하고 예로부터 신령스러운 산으로 여겨져 주봉은 영봉(1,097m)으로 불리고 있다. 만수봉, 금수산, 신선봉, 도락산 등 22개가 넘는 크고 작은 산과 봉우리를 거느리고 있다. 충북 제천시, 단양군, 충주시와 경북 문경시가 접해 있으며 수도권에서 가깝고 충주 호반과 어우러진 탐방지로 사계절 탐방객의 발길이 끊이지 않는 곳이다.<br /><br />* 문의 : 043-653-3250<br />* 관련 홈페이지 : <a href=""http://www.knps.or.kr/""title=""새창: 
국립공원""target=""_blank"">http://www.knps.or.kr/</a><br /><br />◎이용안내<br />- 이용요금 : 시설 이용료 상이, 홈페이지 참조<br />- 화장실 : 있음(남녀구분)<br />- 장애인 편의시설 : 장애인주차장(8대)<br />- 주차시설 : 있음(일반 100여대)<br>"
13,치악산국립공원,"치악산은 강원도 원주시와 횡성군 사이 차령산맥에 있다. 1,000ｍ 이상의 고봉들이 장장 14km나 능선으로 이어져 있어 치악산맥으로 불리기도 한다. 최고봉인 비로봉(1,288m)을 비롯해 매화산, 향로봉, 남대봉 등 1,000m 이상의 산이 남북으로 뻗어 있는데 ‘치악산에 왔다 치를 떨고 간다’는 말이 있을 정도로 산세가 험준하다. 비로봉 정상에서는 원주와 횡성, 영월지방이 한눈에 들어오며 주능선 양쪽으로는 구룡계곡·부곡계곡 등과 구룡소·세렴폭포 등 수려한 명소가 산재해 있어 가을 단풍과 겨울 설경이 비경으로 꼽힌다. 치악산은 전나무·졸참나무·대나무 등으로 울창하며, 파랑새·딱따구리 등 희귀 조류와 동물 총 3,797종이 서식하고 있다.
치악산은 가을 단풍이 아름다워 적악산이라 불렸으나 꿩의 보은에 관한 전설에서 치악산이라는 현재의 이름이 유래한다. 곳곳에 보광루를 보유한 구룡사, 꿩의 보은 설화를 간직한 상원사, 천연의 요새로서 예로부터 군사 요충지였던 영원산성, 우리나라의 대표적 온대림으로 보존되고 있는 성남리 성황림 등 관광자원이 분포해 있다. 치악산국립공원은 강원권의 교통요지인 원주시에 인접해 있어 수도권에서 1일 코스로 산행하기에도 좋다.<br><br>* 문의 : 033-740-9900<br>* 개장일 : 05:00~(입산시간, 하절기 기준)<br>* 지정현황 : 원성성남리성황림(천연기념물), 원주영원산성(사적) <br>* 관련 홈페이지 : <a href=""http://chiak.knps.or.kr"" target=""_blank"" title=""새창 : 치악산국립공원 홈페이지로 이동"">http://chiak.knps.or.kr</a>"
14,서산 버드랜드,"서산버드랜드는 세계적인 철새도래지로 유명한 서산천수만을 체계적으로 보전관리하고 체험과 교육중심의 생태관광 활성화에 주력하고자 조성된 철새 생태공원이다. 철새를 주제로 다양한 볼거리와 프로그램이 운영되고 있으며, 철새를 직접 관찰할 수 있는 탐조투어가 큰 인기를 얻고 있다. 철새뿐만 아니라 숲, 갯벌, 논 등 다양한 자연생태계를 체험할 수 있는 프로그램도 연중 운영되고 있으며, 여름방학과 겨울 철새도래시기에는 다양한 특별 프로그램을 진행하고 있다. 또한 철새서식지 조성과 먹이 주기를 통해 서식지관리를 추진하고 있다.

* 문의 : 041-661-8054
* 개장일 : 
하절기 (3~10월) 10:00~18:00
동절기 (11~2월) 10:00~17:00
* 휴무일 : 매주 월요일
* 관련 홈페이지 : <a href=""https://birdland.seosan.go.kr/"" target=""_blank"" title=""새창 : 서산버드랜드 사이트로 이동"">https://birdland.seosan.go.kr/</a>

◎이용안내
- 입장료 :
개인 - 어른 3,000원 / 청소년, 군인 2,000원 / 만 12세 이하 어린이 무료
단체(20명 이상) - 어른 2,000원 / 청소년, 군인 1,500원 / 만 12세 이하 어린이 무료
- 화장실 : 있음 (남녀구분)
- 장애인 편의시설 : 장애인주차장 5대 / 장애인화장실 있음(남녀구분)
- 주차시설 : 있음"
15,고씨동굴,"임진왜란때 고씨일가가 왜군을 피해 은거한 데서 이름이 유래되었으며, 고씨 일가가 피해 살면서 밥을 지을때 불에 그을린 흔적과 솥을 걸었던 자리가 그대로 남아있다. 우리나라 대표적 석회암 동굴로서 약 4억~5억년 전에 형성된 것으로 추정되며 종유석의 생성과정을 한눈에 볼 수 있다. 전체 약 3,388m 의 주굴과 지굴중 620m 구간이 개발되어 일반인에게 공개되고 있다.


* 문의 : 033-372-6870
* 개장일 : 09:00~18:00
* 휴무일 : 연중무휴

◎이용안내
- 이용요금 : 개인 - 어른 4,000원, 청소년 3,000원, 어린이 2,000원<br />
영월군민 할인 - 어른 2,000원, 청소년 1,500원, 어린이 1,000원
- 화장실 : 있음(남녀구분) 
- 장애인 편의시설 : 장애인주차장 있음(10대), 장애인화장실 있음(남녀구분)
- 주차시설 : 있음"
16,몰운대,"약 8천만 년 전 백악기 말에 쌓인 하부다대포층과 그 후 부산지역 지각의 변형과정을 한눈에 볼 수 있는 명소이다. 과거 ‘몰운도(沒雲島)’라는 섬이었으나 낙동강에서 공급된 모래가 쌓이면서 육지와 연결된 육계도의 독특한 지형을 나타낸다. 다양한 단층과 단층암, 암맥, 광맥, 마그마성 및 쇄설성 암맥, 쳐트편, 사층리, 흔적화석, 과거 지진기록 등의 다양한 지질특성을 간직한 지질학의 교과서라 불릴만한 명소이다. 

또한 국가지질공원으로 지정된 몰운대는 우거진 송림과 기암괴석으로 이루어진 해안절경이 멋진 경관을 연출한다. 해안산책로를 따라가면 철썩이는 옥빛 바다를 가장 가까이에서 만날 수 있다. 해가 지기 시작하면 다시 바닷가로 나가 일몰의 순간을 기다려야 한다. 부산에서 가장 아름다운 낙조를 감상할 수 있는 최고의 장소이기 때문이다. 화려한 금빛이 바다 한가운데로 떨어지며 사람들의 검은 실루엣조차 하나의 작품으로 만들어준다. 금가루를 뿌려놓은 듯 낙조의 빛은 눈이 부시다. 

* 문의 및 안내 : 051-220-4127 (다대포해변공원관리센터)
* 관련 홈페이지 : <a href=""https://www.visitbusan.net/kr/index.do?menuCd=DOM_000000201001001000&uc_seq=366&lang_cd=ko"" target=""_blank""   title=""몰운대 홈페이지로 이동"">https://www.visitbusan.net/</a>

◎이용안내
- 이용요금 : 무료
- 화장실 : 있음 (남녀구분)
- 장애인 편의시설 : 장애인주차장 있음(20여 대), 장애인화장실 있음(남녀구분)
- 주차시설 : 있음(일반 300여 대, 대형 5대)"
17,태안군 신두리 해안사구,"태안신두리해안사구는 우리나라 최대의 해안사구지대로 전사구, 사구습지, 초승달 모양의 사구인 바르한 등 다양한 지형이 발달해 있다. 길이가 약 3.4km, 폭은 0.5~1.3km 규모의 모래언덕인데 환경부가 멸종위기 야생생물로 지정한 금개구리·구렁이·맹꽁이가 서식하고 있으며, 천연기념물 황조롱이도 이 지역에서 관찰되고 있다. 사막에서만 볼 수 있는 넓고 독특한 모래언덕이 아름다운 경관을 연출할 뿐만 아니라 태풍이나 해일로부터 농경지와 해안선을 보호하고 생물들에게 지하수를 공급하는 등 유익한 기능을 담당하고 있다.

해안사구는 해류에 의해 모래가 퇴적되면 파랑에 의해 밀려 올라가 낮은 구릉 모양으로 쌓여 이루어진 해안 지형을 말한다. 신두리 해안은 모래언덕이 형성되기 좋은 지형적 조건을 가지고 있다. 겨울에 불어오는 강한 북서풍을 그대로 받아들이는 위치에 있고, 연안의 해저가 주로 모래로 이루어져 있어 간조가 되면 넓은 모래펄이 노출된다. 이때 바람이 불면 모래가 육지 쪽으로 이동하여 대규모의 모래언덕이 형성될 수 있는 것이다. 태안신두리해안사구는 사구의 형성과 고환경을 밝히는 데 학술적 가치를 인정받아 천연기념물 제431호로 지정하여 보호하고 있다.


* 문의 : 041-670-2692
* 개장일 : 하절기(3월~10월) 09:00~18:00, 동절기(11월~2월) 09:00~17:00
* 휴무일 : 매주 월요일, 명절 당일
* 지정현황 : 천연기념물
* 관련 홈페이지 : <a href=""https://www.taean.go.kr/tour.do"" target=""_blank"" title=""새창 : 태안군 오감관광 홈페이지로 이동"">www.taean.go.kr/tour.do</a>

◎이용안내
- 이용요금 : 무료
- 화장실 : 있음
- 주차시설 : 있음, 무료"
18,북한산국립공원,"단위 면적당 가장 많은 탐방객이 찾는 국립공원으로 세계 기네스북에 기록되기도 했던 북한산국립공원은 세계적으로도 드문 도심 속 자연공원이다. 서울특별시 도봉구·강북구·종로구·은평구와 경기도 고양시·양주시·의정부시에 걸쳐 있으며, 우이령을 중심으로 남쪽은 북한산, 북쪽은 도봉산이다. 최고봉인 백운대(836m)를 중심으로 북쪽에 인수봉, 남쪽에 만경대가 있어 삼각산으로도 불린다. 지질은 화강암으로 오랜 기간 침식돼 암석이 지표에 노출되었다. 평균고도가 600~800m로 높이에 비해 산세가 험준하고 경사가 심하다. 암벽과 암봉 등이 주축을 이루고 있으며 주요 암봉 사이로 수십 개의 맑고 깨끗한 계곡이 울창한 산림을 형성해 1,300여 종의 동식물이 서식한다.

최고봉인 백운대(836m)를 중심으로 북쪽에 인수봉, 남쪽에 만경대가 있어 삼각산으로도 불린다. 지질은 화강암인데 오랜 기간 침식돼 암석이 지표에 노출되었다. 평균고도가 600~800m이나 높이에 비해 산세가 험준하고 경사가 심하다. 암벽과 암봉 등이 주축을 이루고 있으며 주요 암봉 사이로 수십 개의 맑고 깨끗한 계곡이 울창한 산림을 형성해 1,300여 종의 동식물이 서식한다. 북한산은 북한산성 등이 있어 생태 학습장은 물론 역사 탐방 장소로도 인기가 높다. 탐방코스는 북한산성 코스, 대남문코스, 우이암코스, 신선대코스, 백운대코스 등 13개 코스가 있다. 이 중 북한산성 코스는 우이암코스, 백운대코스와 함께 가장 잘 알려진 코스 가운데 하나로, 조선 숙종 때 쌓은 길이 약 8㎞의 북한산성을 비롯해 다양한 문화 유적이 있어 생태 역사 탐방 코스로 좋다. 우이암코스는 누구나 쉽게 오를 수 있는 코스로 봄꽃이 많아 봄철 산행에 알맞다. 백운대 코스는 백운대에 올라 자연의 웅장한 모습을 감상하기 좋다.

* 문의 : 02-909-0497
* 지정현황 : 북한산성(사적), 북한산진흥왕순수비지(사적) 등
* 관련 홈페이지 : <a href=""http://bukhan.knps.or.kr"" target=""_blank"" title=""새창 : 북한산국립공원 홈페이지로 이동"">http://bukhan.knps.or.kr</a>

◎ 이용안내
- 이용요금 : 없음
- 화장실 : 있음
- 주차시설 : 경형 2,000원, 중소형 4,000~5,000원, 대형 6,000~7,500원"
19,오대산국립공원,"오대산국립공원은 강원도 강릉시, 홍천군과 평창군에 걸쳐 있다. 주봉인 비로봉(1,563m)을 중심으로 호령봉·상왕봉·두로봉·동대산 등 고봉들이 솟아 있다. 산세가 다섯 개의 연꽃잎에 싸인 연심(蓮心)과 같다 하여 오대산이라고 부른다. 오대산은 한강의 발원지로 겨울철 강설량이 많고 토질이 비옥하여 산림자원이 풍부하다. 특히 수령이 1,000년 정도 된 전나무와 ‘특별어류보호구역’으로 지정된 금강연에 서식하는 천연기념물인 열목어 등 한라산, 지리산과 함께 동식물의 보고를 이룬다. 1970년 명승으로 지정된 명주 청학동 소금강은 노인봉에서 발원하는 길이 1만2,000m의 계곡으로 급경사의 험준한 산세, 기암괴석, 층암절벽 등이 마치 금강산의 축소판 같아 이율곡이 일찍이 소금강이라 이름 지었다. 오대산 등반은 상원사 입구에서 시작하는 코스와 오대산장에서 시작하는 코스가 있으며 상원사계곡, 청학천계곡, 구룡폭포, 만물상, 십자소, 방아다리약수, 송천약수 등 빼어난 명소를 볼 수 있다. 특히 방아다리약수는 조선 숙종 때 발견된 탄산약수터로 속병에 좋다고 한다.<br /><br />* 문의 : 033-332-6417<br />* 휴무일 : 연중무휴<br />* 지정현황 : 월정사팔각구층석탑(국보), 평창월정사석조보살좌상(국보), 상원사동종(국보) 등<br />* 관련 홈페이지 : http://odae.knps.or.kr<br /><br />◎이용안내<br />- 이용요금 : 없음<br />- 화장실 : 있음<br />- 주차시설 : 경형 2,000원, 중소형 4,000~5,000원, 대형 6,000~7,500원"
20,내장산 국립공원(백암),"호남 5대의 명산 중 하나이자 한국을 대표하는 8경 중 하나로 손꼽히는 곳으로 1971년 우리나라 8번째 국립공원으로 지정되었다. 면적은 80.708k㎡이다. 신선봉(763m)을 주봉으로 하는 내장산은 봉우리들의 높이가 701m 내외지만 봉우리 정상이 저마다 독특한 기암으로 이루어져 있어 예로부터 ‘호남의 금강’이라 불렸다.

* 문의 : 061-392-7288
* 관련 홈페이지 : <a href=""http://www.knps.or.kr/""title=""새창: 국립공원""target=""_blank"">http://www.knps.or.kr/</a>

◎이용안내
- 이용요금 : 시설 이용료 상이, 홈페이지 참조
- 화장실 : 있음(남녀구분)
- 장애인 편의시설 : 장애인화장실 있음(남녀공용) / 장애인주차장 1대
- 주차시설 : 있음(일반 50여 대, 대형 50여 대)"
21,강화갯벌센터,"강화갯벌의 전체면적은 약 105km에 달하며, 특히 여차리-동막리-동검리를 잇는 서남부지역의 갯벌은 육지로부터 최대 6km, 면적은 약 90km로 강화갯벌 면적의 약 86%를 차지한다. 강화도는 한강, 예성강, 임진강의 담수 영향을 받는 담수와 해수의 이동통로가 된다. 그래서 썰물 때 강으로부터 운반된 물질이 먼바다까지 퇴적되고, 밀물 때에는 조류성 운반물질이 섬 주위에 퇴적된다. 갯벌센터는 센터 건물뿐 아니라 그 주변 갯벌을 포함하여 철새 도래지의 탐조대와 갯벌에 대한 모든 자료를 홍보하고 체험할 수 있는 기회의 장을 제공한다.

* 문의 : 032-930-7064~5
* 개장일 : 09:00~18:00
* 휴무일 : 매주 월요일, 1월 1일, 설날 및 추석 당일
* 관련 홈페이지 :<a href=""https://www.ghss.or.kr/user/main.do""title=""새창: 강화갯벌센터""target=""_blank"">https://www.ghss.or.kr/</a>

◎이용안내
- 이용요금 : 
어른(20세 이상) - 개인 1,500원 / 단체(20인 이상) 1,200원
청소년 및 군인(13~19세 및 군인) - 개인 1,000원 / 단체(20인 이상) 800원
어린이 - 개인 800원 / 단체(20인 이상) 600원
- 화장실 : 있음(남녀구분)
- 장애인 편의시설 : 장애인화장실 있음(남녀공용) / 장애인주차장 2대
 - 주차시설 : 있음"
22,계룡산 국립공원,"충남 제일의 명산 계룡산국립공원은 1968년 우리나라 2번째 국립공원으로 지정되었으며 면적은 65.335㎢이다. 계룡산 정상인 천황봉(845m)을 중심으로 10개에 달하는 봉우리 사이에 약 7개의 계곡이 형성되어 있다. 산의 능선이 닭의 벼슬을 쓴 용의 모습과 닮아 계룡(鷄龍)으로 불리게 되었다고 한다. 계룡산은 산세가 아늑하면서도 변화무쌍하고 서울, 대전 등 대도시에서도 일일 탐방이 가능해 연중 탐방객의 발길이 끊이지 않는 곳이다. 풍수지리학적으로도 뛰어나 조선의 수도로도 거론되었으며 나라의 제사를 지내던 신성한 산이기도 하다.

* 문의 : 042-825-3002
* 관련 홈페이지 : <a href=""http://www.knps.or.kr/""title=""새창: 국립공원""target=""_blank"">http://www.knps.or.kr/</a>

◎이용안내
- 이용요금 : 시설 이용료 상이, 홈페이지 참조
- 화장실 : 있음(남녀구분)
- 장애인 편의시설 : 장애인주차장 10대 / 장애인화장실 있음(남녀공용)
- 주차시설 : 있음"
23,만장굴,"만장굴은 벵뒤굴·만장굴·김녕굴·용천동굴·당처물동굴 등과 함께 유네스코 세계자연유산에 이름을 올린 용암 동굴이다. 형성 시기는 10만∼30만 년 전으로 거문오름의 화산 폭발로 흘러내린 용암이 굳으며 만들어졌다. 만장굴은 총길이가 약 7400m, 최대 높이 23m, 최대 폭은 18m로 세계적으로도 손에 꼽힐만한 큰 규모다. 전 세계에 많은 용암동굴이 있지만 수십만 전 전에 형성된 동굴 중 만장굴만큼 내부 형태와 지형이 잘 보존된 곳은 드물다. 만장굴은 3개의 입구가 형성되어 있다. 이 중 제2 입구에서만 일반인 출입이 가능하며, 보존을 위해 관람 구관도 1km까지 지점으로 제한되어 있다.

현재는 김녕굴과 구분돼 있지만 동굴이 형성되었을 당시에는 한 줄기의 동굴시스템으로 연결되었다. 이것을 오늘날 만장굴화산동굴시스템이라고 부르는데, 현재까지 세계 제일의 화산동굴시스템으로 총길이 1만 3,422m를 자랑한다. 만장굴에는 땅지네·굴꼬마거미·가재벌레·농발거미·박쥐 등이 서식하고 있다. 그뿐만 아니라 석주·종유석·석순 등 용암 지형이 장관을 이루며 지하궁전 같은 웅장함을 지니고 있는데, 특히 용암이 엉겨 붙어 굳어진 거북바위는 천년 묵은 거북이가 그대로 굳은 듯한 형상을 하고 있어 신비로운 분위기를 자아낸다.

* 문의 : 064-710-7903
* 개장일 : 09:00~18:00(매표마감시간 17:00)
* 휴무일 : 매월 첫째 주 수요일
* 지정현황 : 제주 김녕굴 및 만장굴(천연기념물)
* 관련 홈페이지 : <a href=""https://www.visitjeju.net/kr/detail/view?contentsid=CONT_000000000500182"" target=""_blank"" title=""비짓제주 사이트로 이동"">https://www.visitjeju.net</a> 

◎이용안내
- 이용요금 : 개인 - 성인 4,000원 / 청소년·군인 2,000원 / 어린이 2,000원
- 이용요금 : 단체 - 성인 3,000원 / 청소년·군인 1,500원 / 어린이 1,500원
- 화장실 : 있음
- 주차시설 : 있음, 무료"
24,순천만 자연생태공원,"전남 순천시 순천만은 고흥반도와 여수반도 사이에 형성된 만으로 우리나라의 대표적인 연안 습지다. 순천만에는 다양하고 풍부한 습지 생물이 서식하고 있어 습지 연구에 매우 중요한 지역이다. 순천만에서 우리나라에서 가장 넓은 면적의 갈대 군락을 볼 수 있다. 갈대 군락은 생물들에게 또 다른 보금자리를 마련하여 현재 이곳에는 국제보호조인 흑두루미, 검은 머리갈매기 외에도 황새, 저어새, 혹부리오리, 논병아리, 고방오리, 왜가리 등 다양한 생물이 서식한다. 이 외에 순천만에서는 유유히 흐르는 S자형 수로, 칠면초 군락 등 수려한 해안생태 경관을 볼 수 있다. 특히 S자형 수로는 우리나라 사진작가들이 10대 낙조 풍광 중 하나로 꼽았고, 2006년에는 한국관광공사 최우수 경관 감상지로 선정되는 등 빼어난 풍경을 자랑한다.

순천만은 약 8,000년의 역사를 가지고 있다. 지구상의 마지막 빙하기가 끝나고 해수면이 약 160m 상승하면서 서해가 육지에서 바다로 변하였을 때 처음 생성된 것으로 추정된다. 약 540만㎡에 달하는 갈대 군락은 하천이 직강화(直降化)되면서 토사의 유입량이 많아지고 습지 면적이 늘어나면서 자연스럽게 형성됐다. 크기는 물론 보유하고 있는 생물의 종도 남다른 만큼 순천만은 2003년 12월 습지보호지역으로 지정·관리되고 있다. 2004년에는 동북아 두루미 보호 국제네트워크에 가입, 2006년 1월 20일에는 국내 연안 습지 최초로 람사르협약에 등록되었다. 2008년 6월, 순천만의 생물학적 가치가 인정되어 국가지정문화재 명승으로 지정되었다.

* 문의 : 061-749-6052
* 개장일 : 화요일~일요일, 09:00~일몰 시까지(입장마감 22:00까지) 
* 휴무일 : 매주 월요일
* 관련 홈페이지 : <a href=""https://scbay.suncheon.go.kr/"" target=""_blank"" title=""새창 : 순천만국가정원 홈페이지로 이동"">https://scbay.suncheon.go.kr/</a>

◎이용안내
- 이용요금 (단일권)
개인 - 성인 10,000원 / 청소년·군인 7,000원 / 어린이 5,000원
단체 - 성인 6,000원 / 청소년·군인 5,000원 / 어린이 3,000원
- 화장실 : 있음
- 주차시설 
순천만 국가정원 무료
순천만 습지<br>이륜차 500원, 소형차 3,000원, 대형차 5,000원"
25,괴산 산막이옛길,"전국 2시간대 접근성의 대한민국 중심부에 위치한 ‘괴산산막이옛길과 괴산호.’ 산으로 둘러싸인 이곳은 인위적 훼손을 막기 위해 자연환경보호지역으로 지정•관리하고 있으며, 국립공원과 백두대간 보호지역이 인접하고 있어 훼손되지 않은 우수경관을 간직하고 있다. 또한 전국 5개소에만 있는 천연기념물 미선나무자생군락지가 괴산에만 3개나 존재하고 있어 더욱 특별하다. 옛길을 따라 펼쳐지는 산과 물, 숲의 아름다움은 괴산의 백미로 손꼽힐 만하다.


* 문의 : 043-832-3257
* 관련 홈페이지 : <a href=""http://www.bbvill.com/"" target=""_blank"" title=""새창 : 산막이옛길 영농조합법인 홈페이지로 이동"">http://www.bbvill.com/</a>

◎이용안내
- 이용요금 : 생태체험 프로그램의 경우 비용 상이함 
※ 산막이옛길 탐밤은 무료 / 프로그램 참여 비용은 문의 필요 (둔율올갱이마을 043-830-3903)
- 화장실 : 있음(남녀구분)
- 장애인 편의시설 : 장애인 화장실 있음(남녀구분)
- 주차시설 : 있음(일반 300여 대, 대형 100여 대)"
26,강원도 자연환경연구공원,"생명의 근원인 자연환경은 우리 모두의 소중한 자원이자 미래의 가치이다. 자연환경연구공원은 이러한 자연환경을 생생하게 체험하기 위한 목적으로 설립되었다. 공원에서는 미래의 희망인 유아들이 숲 체험을 통해 정서를 함양할 수 있다. 잠자리와 나비, 반딧불이 등 다양한 곤충들과 함께하며 소중한 추억을 간직할 수 있다. 대학생들이 멸종위기 식물을 직접 보고 느끼면서 실습할 수 있다. 자연과 교감하는 숲 치유 활동을 통해 마음의 평화를 얻을 수 있다.<br /><br />* 문의 : 033-248-6570<br />* 개장일 : 하절기(3월~10월) 10:00 ~ 18:00 (최종 출입시간 17:00)<br /> 동절기(11월~2월) 10:00 ~ 17:00 (최종 출입시간 16:00)<br />* 휴무일 : 연중무휴<br />* 관련 홈페이지 : http://ecopark.gwd.go.kr/<br /><br />◎이용안내<br />- 이용요금 : 무료<br />- 화장실 : 있음(남녀구분)<br />- 장애인 편의시설 : 장애인주차장 있음, 장애인화장실 있음(남녀구분)<br />- 주차시설 : 있음<br>"
27,대청호 추동습지,"추동인공생태습지는 대전시가 2008년 12월 26일 습지보호구역으로 지정한 곳으로 멸종 위기종인 천연기념물 수달, 천연기념물 원앙 그리고 말똥가리, 흰목물떼새, 맹꽁이 등이 서식하고 있다. 슬로문화 속 떠오르는 여행지 ‘추동생태습지공원’에 서식하는 동식물, 미생물과 습지를 구성하는 토양 등은 주변으로부터 흘러나오는 각종 오염된 물을 흡수하여 오염물질을 정화시키고 깨끗한 물을 흘려보내는 자정역할을 하는 것으로 알려져 있으며, 여러 종류의 생물들이 모여 살기 때문에 생물의 다양성이 높아 생태적으로 중요한 기능을 담당하기도 한다. 둥구의 대청호 둘레길 중 6코스 길은 습지가 발달한 생태관광의 명소로 이어진다.

* 문의 : 042-250-1539

◎이용안내
- 이용요금 : 무료
- 화장실 : 있음(남녀구분)
- 장애인 편의시설 : 장애인화장실 있음(남녀구분)
- 주차시설 : 있음 (대청호자연수변공원 주차장)"
28,덕유산국립공원,"덕유산국립공원은 전라북도 무주와 장수군, 경상남도 거창과 함양군 등 2개 도 4개 군에 걸쳐 있다. 향적봉(1,614m)을 중심으로 1,300m 안팎의 장중한 능선이 남서쪽을 향해 장장 약 30km를 달리고 있으며, 주요 봉우리를 기점으로 8개의 긴 계곡이 동서사면에 형성되어 있다. 특히 향적봉 서쪽 중봉에서 발원해 13개의 대(臺), 10여 개의 못, 20개의 폭포 등 기암절벽과 여울들이 이어지는 구천동 계곡은 길이가 나제통문에서부터 북덕유산 턱 아래 백련사까지 장장 70리 길에 달하는데 예로부터 선인들이 이름 붙인 덕유산 33 비경으로 꼽힌다.

‘덕이 많은 너그러운 모산’이라는 의미의 덕유산에는 피서지로 유명한 무주구천동 계곡 외에 신라와 백제의 관문이던 나제통문과 고려시대에 축성되었다는 적상산성 등이 남아 있다. 《조선왕조실록》을 보관했던 적상산사고는 복원돼 전라북도기념물(적상산사고지유구)로 지정되어 있다. 덕유산 하면 무주구천동 안에 개장한 무주리조트를 빼놓을 수 없는데 스키장 등 잘 마련된 동계스포츠 시설로 1997년 동계 유니버시아드를 개최했다. 곤돌라를 타고 해발 1,520m 설천봉에 오르면 덕유산 정상인 향적봉을 20분 만에 오를 수 있다.


* 문의 : 063-322-3174
* 지정현황 : 매월당부도(전라북도 유형문화재), 백련사계단(전라북도 기념물) 등
* 관련 홈페이지 : <a href=""http://deogyu.knps.or.kr"" target=""_blank"" title=""새창 : 덕유산국립공원 홈페이지로 이동"">http://deogyu.knps.or.kr</a>

◎이용안내
- 이용요금 : 없음
- 화장실 : 있음 (남녀 구분)"
29,제주1100 고지습지,"1100 고지는 제주시와 서귀포시 중문동을 잇는 1100 도로의 가장 높은 곳에 위치해 있으며 우리나라에서 가장 높은 곳에 위치한 국도로 유명했던 곳이다. 한라산의 아름다운 모습을 쉽게 감상할 수 있어 관광객들이 즐겨 찾는 곳이기도 하다. 1100 도로에 인접한 1100 습지탐방로를 한 바퀴 돌며 습지생태계를 관찰할 수 있으며 맑은 공기를 마음껏 마실 수 있다. 더불어 시시각각으로 변하는 한라산의 날씨를 체험하기에도 좋은 곳이다.

* 문의 : 064-740-6000
* 관련 홈페이지 : <a href=""http://www.knps.or.kr/"" target=""_blank"" title=""새창 : 경복궁 홈페이지로 이동"">http://www.knps.or.kr/</a>

◎이용안내
- 이용요금 : 무료
- 화장실 : 있음(남녀구분)
- 장애인 편의시설 : 장애인화장실 있음(남녀구분)
- 주차시설 : 있음"
30,변산반도 국립공원,"변산반도는 1988년 우리나라 19번째 국립공원으로 지정되었으며 면적은 153.934㎢이다.  변산반도는 산악지역인 내변산과 해안가를 중심으로 하는 외변산으로 나눌 수 있다. 내변산은 백악기에 분출된 유문암 등의 화산암류로 이루어졌으며, 구릉지는 중생대 쥐라기의 화강암에서 발달한 지형이다. 외변산은 주로 해안가를 일컫는데 격포의 채석강과 적벽강이 대표적이다. 백암기 말 화산분출함이 강하게 수중에 퇴적·암석화 한 후에 해식을 받아서 층리가 잘 관찰되며, 우리나라에서 가장 해가 늦게 지는 곳으로 낙조가 매우 아름답다.<br>

* 문의 : 063-582-7808
* 휴무일 : 연중무휴
* 관련 홈페이지 : <a href=""http://byeonsan.knps.or.kr/"" target=""_blank"" title=""새창 : 변산반도 국립공원 홈페이지로 이동"">http://byeonsan.knps.or.kr/</a>

◎이용안내
- 이용요금 : 시설 이용료 상이, 홈페이지 참조
- 화장실 : 있음 (남녀구분)
- 장애인 편의시설 : 장애인 화장실 있음 (남녀구분) 
- 주차시설 : 일반 60여 대 주차 가능"
31,한라산국립공원,"한라산은 해발 1,950m로 남한에서 가장 높다. 신생대 제4기의 젊은 화산섬인 한라산은 2만 5천 년 전까지 화산분화 활동을 하였으며, 한라산 주변에는 기생화산인 오름이 368개 분포되어 있다. 한라산은 북태평양의 고도에 솟아 있는 지리적 요인과 해발고도에 따른 영향으로 온대에서 한대 기후대까지 식물의 수직분포를 보여 1,800여 종의 식물과 4,000여 종의 동물이 서식하는 생태계의 보고가 되었다. 1966년 천연기념물, 1970년 국립공원 지정, 2002년 유네스코 생물권보전지역 지정, 2007년 ‘제주 화산섬과 용암동굴’로 우리나라 최초의 유네스코 세계자연유산 등재, 2010년 세계지질공원 인증에 이어 2014년 재인증받는 등 국내를 넘어 세계 속에서 그 가치를 인정받고 있다.

우리나라 3대 영산 중 하나인 한라산은 총 5개 코스로 이루어져 있으며 한라산이 품고 있는 비경으로는 설산의 백록담, 왕관릉의 위엄, 태고의 신비를 간직한 폭포 등 무궁무진하다. 한라산국립공원에서는 ‘탐라계곡에서 들려주는 한라산 이야기’, ‘화산 지역의 특징과 숲 이야기’ 등 자연 해설 체험 탐방 프로그램을 운영하고 있다. 한라산 외에도 인근 성산일출봉, 거문오름 등은 그 자체만으로도 하나의 거대한 자연사 박물관이다.

* 문의 : 한라산국립공원관리소
* 지정현황 : 한라산천연보호구역(천연기념물), 한라산백록담(명승) 등
* 관련 홈페이지 : <a href=""https://www.jeju.go.kr/hallasan/index.htm""target=""_blank"" title=""새창: 한라산국립공원 홈페이지로 이동"">https://www.jeju.go.kr/hallasan/index.htm</a>

◎ 이용안내
- 이용요금 : 없음
- 화장실 : 있음
- 주차시설 : 경차 1,000원, 승용차 1,800원, 소형버스 3,000원, 중·대형버스 3,700원"
32,"강화도 남단(여차리, 선두리 해안)","규모가 약 3억 4,800만㎡에 이르는 강화도 갯벌은 세계 5대 갯벌 중 하나이자 우리나라 최대 규모의 연안 습지다. 강화도 갯벌은 한강에서 흘러들어 오는 각종 오염물질을 자연 정화시켜 바다로 내보내는 자연 자정 능력이 매우 뛰어난 곳이다. 이뿐 아니라 다양한 해양생물이 서식하고 있는 해양생태계의 보물창고다. 철새 도래지로서 쇠기러기와 큰 기러기, 각종 도요새 무리를 비롯해 천연기념물인 노랑부리백로, 저어새 등 다양한 종류의 철새가 관찰된다. 세계적으로 우수한 갯벌의 보존과 저어새 등 철새들의 서식환경 보호를 위해 ‘강화갯벌 및 저어새번식지’를 2000년 천연기념물로 지정하여 보호하고 있다.
강화도는 자연과 역사가 공존하는 곳이다. 보물인 전등사 대웅전을 비롯해 사적인 초지진, 강화산성, 고려궁지, 덕진진과 인천광역시 기념물인 내가 오상리 고인돌, 정족산성진지 등 많은 유적이 있다. 주변엔 교동도·석모도·볼음도 등 크고 작은 섬이 있어 유적 탐방과 함께 관광도 할 수 있다. 

* 문의 : 032-934-7500
* 휴무일 : 연중무휴
* 지정현황 : 강화갯벌 및 저어새번식지(천연기념물) 
* 관련 홈페이지 : <a href=""https://www.ganghwa.go.kr/open_content/tour"" target=""_blank"" title=""새창:강화군문화관광 홈페이지로 이동"">https://www.ganghwa.go.kr/open_content/tour</a>

◎이용안내
- 이용요금 : 없음
- 화장실 : 없음
- 주차시설 : 있음"
33,보성 벌교 갯벌,"보성 벌교갯벌은 벌교천 하구에 위치한 연안 습지로서 전남 보성군 벌교읍 고흥군·호동리·장양리·영등리·장암리·대포리 일대를 포함하며 면적은 1,030만㎡에 이른다. 벌교갯벌은 멸종위기 야생생물인 흑두루미의 국내 최대 월동지로 갈대숲과 칠면초, 각종 어류 등 다양한 동식물이 서식하고 있다. 천연기념물인 큰고니 등이 찾아와 철새관광지로 생태적 가치를 인정받고 있으며, 꼬막·짱뚱어·모시조개·키조개·낙지·주꾸미·갑오징어·굴 등 다양한 수산물이 서식하는 해양생물의 보고다. 벌교갯벌은 2003년 해양수산부 습지보호지역 제4호로 지정되었고, 2006년 우리나라에서 네 번째로 순천만 갯벌과 함께 람사르 습지에 등록되었다.

보성군 벌교에서는 매년 10월경이면 벌교 꼬막축제가 개최된다. 갯벌 위에서 직접 꼬막을 잡고 맛볼 수 있으며, 노래자랑과 퀴즈대회, 요리 경연대회 등 여러 가지 체험 프로그램을 즐길 수 있다. 근처에는 녹차밭, 세계차나무식물원, 벌교 홍교, 율포관광단지, 용추계곡, 비봉 공룡알 화석지, 태백산맥문학관 등이 있어 함께 둘러보기 좋다.


* 문의 : 061-850-5200
* 휴무일 : 연중무휴
* 관련 홈페이지 : <a href=""http://www.boseong.go.kr/tour"" target=""_blank"" title=""새창 : 보성문화관광 홈페이지로 이동"">http://www.boseong.go.kr/tour</a>

◎이용안내
- 이용요금 : 없음
- 화장실 : 있음
- 주차시설 : 있음"
34,성류굴,"성류굴은 울창한 측백나무와 함께 사계절 관광객이 찾는 천연석회암 동굴로서 천연기념물이다. 총길이 472m의 동굴은 종유석과 석순이 끝없이 펼쳐져 있고, 왕피천과 통하고 있는 12개의 광장과 5개의 연못에는 많은 어류가 서식하고 있다. 성류굴이라는 지금의 이름은 임진왜란 때 생겨났다. 임진왜란이 일어나자 굴 앞의 사찰에 있던 불상을 이 굴속에 피난시켰는데, 여기서 ‘성불(聖佛)이 유(留)한 굴’이라고 “성류굴”이라 부르게 된 것이다. 부처님 세 분이 일렬로 서 있는 듯한 삼불상이 특히 유명하다. 임진왜란 때는 인근 주민들이 왜적을 피해 이 성류굴로 피난했는데, 이를 탐지한 왜병들이 동굴입구를 막아 모두 굶어 죽었다 하며, 그 뒤 동굴 곳곳에서 사람의 뼈가 수도 없이 발견되었다는 슬픈 역사가 깃들어 있다.

* 문의 : 054-789-5400
* 이용시간 : 09:00~18:00 (11월~2월 09:00~17:00) / 마감 30분전까지 입굴
* 쉬는 날 : 매주 월요일 / 단, 공휴일인 경우 개관 후 다음날 휴관

◎이용안내
- 입장료 
[개인]
어른 5,000원 / 청소년·군인 3,000원 / 어린이 2,500원 / 노인 1,000원
[단체(30인 이상)]
어른 4,000원 / 청소년·군인 2,500원 / 어린이 2,000원 / 노인 1,000원"
35,운곡 람사르,"운곡람사르습지는 동산지형 저층습지로 그 생태적 가치가 높아 습지보호지역으로 지정되었다. 총 864종의 동식물 생물다양성이 높고, 멸종위기 야생 동•식물 및 희귀종의 생태적 서식지로서도 보전가치가 높다. 이곳은 또한 고창고인돌 유적, 서산산성 등 역사문화자원이 풍부한 유서 깊은 곳으로, 세계문화유산으로 지정된 다양한 고인돌을 접할 수 있는 유일한 곳으로써 생태적 사료의 가치가 살아있는 지역적 보고이다. 자연환경이 잘 보존되어 있고 다양한 생태관광프로그램을 체험할 수 있는 관광지이다.

* 문의 : 063-560-2957
* 관련 홈페이지 : <a href=""http://www.gochang.go.kr/tour"" target=""_blank""   title=""운곡 람사르 홈페이지로 이동"">http://www.gochang.go.kr/tour</a>

◎ 이용안내
- 이용요금 : 무료
- 화장실 : 있음 (남녀구분)
- 장애인 편의시설 : 장애인 화장실 있음 (남녀구분)
- 주차시설 : 일반 30여 대 주차 가능"
36,대송습지,"대부 해솔길과 대송습지라는 천혜의 자원을 갖고 있어 서해의 보물섬이라 불립니다. 특히 대송습지는 서해안 최대의 습지로서, 130여 종의 조류가 서식하는 생태관광의 명소로 떠오르고 있습니다. 대부도는 서해안의 가장 큰 섬으로 남양 쪽에서 바라보면 큰 언덕처럼 보인다 하여 고려시대부터 대부도(大阜島)라 이름이 붙여졌습니다. 섬 모양에 착안해 ‘낙지섬’, ‘연화부수지’라고도 불립니다. 최근 세계 최대 규모 시화호조력발전소 75m 달전망대와 74km 생태길 대부해솔길, 구봉도 낙조전망대, 대부바다향기테마파크 등 다양한 콘텐츠의 여행명소임과 동시에 수도권 최고의 해양생태 관광지로 부각되고 있습니다.<br /><br />* 문의 : 044-201-7328<br />* 관련 홈페이지 : <a href=""http://www.eco-tour.kr""title=""새창: 우리나라생태관광이야기로 이동"" target=""_blank"">http://www.eco-tour.kr</a><br /><br />◎이용안내<br />- 이용요금 : 습지지역 자율 탐방, 어촌체험은 홈페이지 예약 필요<br />- 화장실 : 있음(남녀구분)<br />- 장애인 편의시설 : 장애인주차장 1대 / 장애인화장실 있음(남녀구분)<br />- 주차시설 : 있음<br>"
37,전남 신안 증도 [슬로시티],"담양군 창평, 완도군 청산도와 함께 아시아 최초의 슬로시티가 된 신안군 증도는 국제슬로시티연맹의 재인증을 받는 데도 성공했다. 증도는 국가습지보호지역과 람사르 습지로도 지정된 자연의 보고다. 특히 우리나라 최대 소금 생산지인 태평염전이 약 462만 8100㎡에 걸쳐 광활하게 펼쳐져 있다. 태평염전은 옛날 방식 그대로 천일염을 생산하는데, 파란 하늘과 맞닿은 반짝이는 소금밭이 자연의 비경과 신비롭다. 또 내평염전의 염색 식물원은 사람의 손을 타지 않은 자연 그대로의 식물원이다. 붉은빛이 강렬한 삘기꽃과 붉게 변한 함초, 그리고 주변을 감싼 초록색 풀들이 강렬한 색채대비를 이룬다. 이처럼 원시 생태가 잘 보전된 지역답게 유네스코 생물권보전지역으로도 지정되었다. 증도는 간척지로 생긴 염전과 농지의 조화가 아름다운데 특히 우전해수욕장에서 바라보는 수평선은 장관이다. 바다에 90여 개 무인도가 점점이 떠 있기 때문이다. 한반도 모양의 해송 숲길도 관광객의 발길을 사로잡는다.

증도는 증도대교가 생기면서 연륙도가 되어 찾아가기 편리해졌다. 특히 증도는 60여 년간 바닷속에 잠겨 있던 중국 송·원대 도자기 등 2만 3,024점의 유물이 발굴된 신안해저유물발굴지로 보물섬이라 불리며 세계의 이목이 집중되기도 했다. 이 밖에 갯벌 위를 가로질러 목교로 만들어진 짱뚱어다리, 생명의 터전인 갯벌을 간접 체험할 수 있는 신안갯벌센터, 소금박물관 등의 볼거리가 이색적이다. 특산품으로는 미네랄이 풍부한 천일염, 태양초, 마늘과 김 등이 있는데 청정해역에서 맛보는 생선회는 두고두고 기억날 것이다.


* 문의 : 061-271-7619 
* 휴무일 : 연중무휴
* 지정현황 :  신안 해저유물 매장해역(사적 제274호), 신안증도태평염전(등록문화재) 등
* 관련 홈페이지 : <a href=""http://tour.shinan.go.kr"" target=""_blank"" title=""새창 : 신안군 문화관광 홈페이지로 이동"">http://tour.shinan.go.kr</a>

◎이용안내
- 이용요금 : 무료
- 화장실 : 있음
- 주차시설 : 지역 명소별로 다름"
38,남해나비생태공원,"남해군의 수려한 자연환경에 나비생태공원을 조성하여 자연환경의 중요성을 고취시키고 특색 있는 테마관광지로 육성했다. 남해관광의 자원적, 계절적 한계를 극복하고 군민의 문화지향 욕구에 부응하고자 환경친화적인 생활공간인 나비생태공원을 조성하게 된 것이다. 나비생태공원의 나비생태관은 나비의 모양을 본 딴 거대한 조형물로 이곳에는 제1, 2 전시실, 나비온실, 체험학습장, 표본전시실 등이 구성되어 있으며 실외에는 나비 사육실과 식초식물 재배 하우스 등이 구성되어 있다. 특히 다양한 아이템별로 나비, 곤충을 보다 친숙하고 쉽게 접할 수 있어 방문객들의 많은 사랑을 받고 있다. (출처 : 남해군 여행)

* 문의 : 055-860-3282
* 이용시간 : 하절기(3~10월) 10:00~17:00 / 동절기(11~2월) 10:00~16:00
* 휴무일 : 매주 월요일
* 관련 홈페이지 : <a href=""https://www.namhae.go.kr/tour/00007/00106/00658.web?amode=view&idx=184&category=A0101#?"" target=""_blank"" title=""새창 : 남해문화관광 사이트로 이동"">https://www.namhae.go.kr/tour</a>

◎이용안내
- 이용요금 : 일반 1,000원, 청소년 800원, 어린이 600원
- 화장실 : 있음(남녀구분)
- 장애인 편의시설 : 장애인화장실 있음(남녀구분) / 장애인주차장 2대
- 주차시설 : 있음"
39,설악산국립공원,"설악산국립공원은 한라산, 지리산에 이어 남한에서 세 번째로 높은 대청봉(1,708m)을 갖고 있다. 강수량과 강설량이 많아 수목이 울창하고 계곡이 깊어 금강초롱 등 총 1,199종의 식물과 원시림이 분포하며 사향노루, 반달곰 같은 희귀동물을 포함해 총 1,590종의 동물이 서식하는 등 천혜의 보고다. 그 가치를 인정받아 1965년 천연보호구역, 1982년 유네스코 생물권보전지역으로 지정되었다. 설악산은 크게 서쪽(인제군)은 내설악, 동쪽은 외설악, 남쪽은 남설악으로 나뉜다. 외설악에는 천불동 계곡과 울산바위 등이 있고, 내설악 쪽엔 백담사와 오세암 등이 있다. 남설악은 오색지구와 한계령 등을 포함하고 있다. 천불동 계곡은 지리산 칠선계곡과 한라산 탐라계곡과 함께 우리나라의 3대 계곡으로 꼽힌다. 설악산은 등산 코스도 다양한데 용대리-백담계곡-수렴동 코스, 십이선녀탕계곡 코스, 장수대-대승령 코스 등이 대표적이다. 백담천 계곡을 따라 오르면 만나는 백담사는 내설악 등산 코스의 첫 관문이며 일제강점기에 한용운이 주거하며 민족해방과 불교 활성화를 구상하던 곳이다. 대승폭포는 내설악 제일의 경승지 중 하나로서 신라의 마지막 임금인 경순왕이 피서지로 삼았던 곳으로 높이가 88m에 이를 만큼 장관이다.<br /><br />* 문의 : 033-636-7700 / 033-801-0900 <br />* 휴무일 : 연중무휴<br />* 지정현황 : 설악산천연보호구역(천연기념물), 인제백담사목조아미타여래좌상 및 복장유물(보물)<br />* 관련 홈페이지 : <a href=""https://www.knps.or.kr/front/portal/visit/visitCourseMain.do?parkId=120400&menuNo=7020093"" target=""_blank"" title=""새창: 홈페이지로 이동"">https://www.knps.or.kr/</a><br /><br />◎이용안내<br />- 이용요금 : 없음<br />- 화장실 : 있음<br />- 주차시설 : 경형 2,000원, 중소형 4,000원~5,000원, 대형 6,000~7,500원"
40,의왕자연학습공원(레솔레파크),"레솔레파크는 전체 80,715㎡ 규모의 안내소와 습지대, 도섭지, 관찰데크 등 각종 생물을 관찰할 수 있도록 꾸며져 있다. 공원 산책로가 있어 도심 속에 쉼터로 자리매김하고 있고, 주변에는 조류생태과학관, 왕송호수, 철도박물관, 의왕레일바이크, 스카이레일, 왕송호수 캠핑장 등 연계하여 체험 가능하다. 5월에는 의왕철도축제, 버스킹, 겨울에는 눈썰매축제가 열린다.

* 문의 : 031-345-3531~4

◎이용안내
- 이용요금 : 무료
- 화장실 : 있음(남녀구분)
- 장애인 편의시설 : 장애인주차장 14대 / 장애인화장실 있음(남녀구분)
- 주차시설 : 있음"
41,물영아리 오름,"오름은 주소가 산지로 되어있어, 내비게이션 검색 시 정확한 위치를 알 수 없거나, 주차장이 따로 없는 곳이 많다. 또한 일부 오름은 사유지로, 출입이 제한되거나 통제되어 있는 곳도 있다. 이에, 오름 방문 시에는 사전에 제주관광정보센터(064-740-6000) 등을 통해 정확한 정보를 확인하고 방문하기 바란다.

제주도에는 항상 물이 마르지 않는 화구호(화산 분화구가 막혀 물이 고여 만들어진 호수)를 가진 오름이 10여 개 있는데, 물영아리오름은 이 중 하나이다. 물영아리오름습지는 제주도에서는 2000년에 최초로 환경부 습지보호지역으로 지정되었다. 2006년 10월 18일에 우리나라에서는 5번째, 제주도에서는 첫 번째로 람사르습지에 등록되었다. 등록면적은 309,000㎡이다.

◎이용안내
- 이용요금 : 탐방로 무료
- 화장실 : 있음(남녀구분)
- 주차시설 : 있음

◎홈페이지 
<a href=""https://www.visitjeju.net/u/62H"" target=""_blank"" title=""새창 : 비짓제주 사이트로 이동"">https://www.visitjeju.net</a>"
42,창녕군 우포늪,"창녕 우포늪은 경상남도 창녕군 이방면에서 유어면, 대합면에 걸쳐 있는 늪지성 호수로 면적이 231만4,049㎡(약 70만 평)에 달하는 국내 최대의 자연 늪이다. 우포·목포·쪽지벌·사지포 등 4개 늪으로 구성된 우포늪은 희귀 동·식물은 물론 갖가지 생물이 서식하는 ‘살아 있는 자연사 박물관’이다. 늪에는 환경부가 멸종위기 야생생물로 지정해 보호하고 있는 가시연꽃 등 340여 종의 식물(우리나라 식물 종류의 약 10%)과 천연기념물인 노랑부리저어새를 비롯해 쇠물닭·청둥오리·기러기 등 62종의 조류, 우리나라에서만 볼 수 있는 어종인 긴몰개·참몰개·돌마자 외에도 붕어·피라미·미꾸라지·송사리·메기·잉어·가물치 등 28종의 어류가 우포늪을 터전으로 공존하며 살아가고 있다.<br>
소벌못, 이지포라고도 부르는 창녕군 우포늪은 약 1억4,000만 년 전에 생성된 것으로 추정된다. 낙동강 하류 지역에 지반이 침강하면서 곳곳에 물이 흘러들어 자연호수가 형성되기 시작했다. 규모는 가로 2.5km, 세로 1.6km이며, 홍수 시 면적이 확대된다. 다양한 생물이 살고 있는 생태계의 보고로 1997년 7월 생태·경관보전지역 지정, 1998년 3월 람사르협약으로 국제보호습지 지정, 1999년 8월 습지보호지역 지정 등 가치를 인정받아 보호·관리되고 있다. 이곳에는 생태교육을 위한 우포늪생태관이 있어 습지에 서식하는 생물들과 습지 이해에 도움을 주는 다양한 전시물을 관람할 수 있다.<br>


* 문의 : 055-530-2121
* 개장일 : 우포늪생태관 09:00~18:00 (17까지 입장)
* 휴무일 : 매주 월요일, 1월 1일
* 지정현황 : 창녕 우포늪 천연보호구역(천연기념물)
* 관련 홈페이지 : <a href=""https://www.cng.go.kr/tour/upo.web""target=""_blank"" title=""새창: 우포늪 생태여행 홈페이지로 이동"">https://www.cng.go.kr/tour</a>

◎이용안내
- 이용요금 : 무료
- 화장실 : 있음
- 주차시설 : 있음, 무료"
43,영종도,"인천광역시 중구에 속하는 영종도는 우리나라에서 일곱 번째로 큰 섬이다. 원래는 제비가 많다 하여 ‘자연도(紫燕島)’라는 이름으로 불렸다. 영종도는 간석지가 발달하여 간조 때면 주위의 운렴도, 용유도와 이어진다. 이처럼 넓은 간석지는 자연생태계 보전에도 유리하게 작용한다. 영종도는 매년 겨울이면 민물도요가 찾아드는 철새 도래지로, 특히 영종도 누남리의 해안은 청다리도요·큰뒷부리도요·중뒷부리도요·재물떼새 등 약 15종의 바닷새가 서식한다. 이곳의 주요 농산물은 고추·딸기·보리·콩·고구마·쌀·마늘 등이며, 염전과 굴, 백합 등의 양식도 이루어지고 있다. 영종도에는 자연생태계를 체계적으로 배우고 싶다면 학생해양탐구학습장을 이용한다. 1984년 개장하여 운영 중으로 바다에 사는 각종 생물과 해양 관련 자연 현상을 관찰할 수 있다. 단체나 학교를 대상으로 인천교육과학연구원(032-880-0755)에서 예약을 받는다. 영종도는 관광지로도 유명세를 얻고 있다. 2001년 동북아 최대 허브 공항인 인천공항의 개항 이후 영종도와 수도권을 연결하는 공항철도가 들어서고 서울에서 김포와 영종도를 잇는 고속도로가 들어섰으며, 2009년 10월에는 송도국제도시와 이어지는 인천대교가 세워지는 등 교통이 편리해지고 볼거리가 풍부해졌기 때문이다. 해변으로는 을왕리해수욕장과 마시안해수욕장, 왕산리해수욕장이 있는데, 이 중 을왕리해수욕장은 아름다운 일몰을 볼 수 있는 곳으로 유명하다.


◎ 홈페이지 주소 : <a href=""http://yeongjong-do.co.kr/"" target=""_blank"" title=""새창 : 영종도 홈페이지로 이동"">http://yeongjong-do.co.kr/</a>"
44,단양고수동굴,"단양 고수동굴은 남한강 상류 충주호반의 단양읍 고수리에 있는 석회동굴이다. 동굴 내부에는 동굴의 수호신으로 모시는 사자바위를 비롯해 종유관, 종유석, 석순, 돌기둥, 유석, 커튼과 베이 컨시트 등 다양한 동굴 생성물이 전 구간에 걸쳐 나타난다. 또한 천연교, 곡석, 석화, 동굴선반, 동굴산호, 동굴 진주와 전 세계적으로 희귀한 아라고나이트 등은 단양 고수동굴에서만 볼 수 있는 특별한 동굴 퇴적물이다. 이 외에도 화석 곤충으로 알려진 고수귀뚜라미붙이를 비롯해 노래기, 딱정벌레, 옆새우, 톡톡이, 진드기, 박쥐 등 희귀하고도 다양한 생물이 서식하고 있다. 석회암 동굴의 종합전시장으로도 손색이 없을 만큼 다양한 동굴 생성물이 가득한 단양 고수동굴은 태고의 신비를 잘 간직한 지하 궁전이라고 할 수 있다.<br>
단양 고수동굴은 약 200만 년 전에 생성된 것으로 추정된다. 1973년 학술조사 당시 동굴 주변으로 뗀석기가 발견되어 이곳이 선사시대 주거지로 이용되었음이 밝혀졌다. 길이 1,395m(개방 940m)에 이르는 이 동굴은 동양에 있는 석회동굴 중에서도 가장 아름답기로 손꼽힌다.<br>


* 문의 : 043-422-3072
* 개장일 : 09:00-17:00
※ 퇴장 1시간 전 입장 마감
* 휴무일 : 연중무휴
* 지정현황 : 단양 고수동굴(천연기념물)
* 관련 홈페이지 : www.gosucave.co.kr

◎이용 안내
- 이용요금 :  개인 - 성인 11,000원 / 청소년 7,000원 / 어린이 5,000원<br>단체 - 성인 10,000원 / 청소년 6,000원 / 어린이 4,000원<br>
- 화장실 : 있음 
- 주차시설 : 승용·승합차 3,000원, 버스 6,000원, 화물차(4ｔ 이하) 2,000원, 화물차(4ｔ 이상) 4,000원, 이륜차 500원"
45,제주도 하도리 숨비소리길(하도리밭담길),"하도리는 제주의 동북쪽에 위치하며 해안가를 중심으로 마을이 형성된 곳으로 푸른 바다와 하얀 백사장, 뛰어난 절경의 해안도로, 수십 종의 철새도래지로 유명한 마을이다. 이곳 마을에는 제주의 농업유산인 밭담이 잘 보존되어 있으며 제주 해녀의 문화와 역사를 알 수 있는 해녀박물관이 위치해 있다. 해녀박물관을 중심으로 제주 해녀의 삶을 느낄 수 있는 밭담길이 조성되어있는데 ‘하도리 밭담길’, ‘숨비소리 길’이다. 해녀들이 물질할 때 참았던 숨을 한번에 내뱉는데 그 소리를 가리켜 숨비소리라고 한다. 또 과거 제주의 해녀들은 물질 외에도 밭일을 겸하며 생활을 유지하였는데, 그 해녀들이 물질과 밭일을 하기위해 지나다녔던 길을 숨비소리길이라고 한다. 해녀박물관을 시작으로 해녀박물관 주변에 있는 불턱(해녀들이 물질하면서 옷을 갈아입거나 쉬던 장소), 신당(신을 모신 곳), 제주도 기념물인 별방진(왜구를 막기 위해 해안에 쌓은 성곽) 등 해녀와 관련된 유산과 제주인의 역사를 알아갈 수 있는 코스로 숨비소리길이 조성되었다. 총 1시간 30분이 소요되며 길을 걸으면서 제주의 풍경속에서 한적하고 여유롭게 과거 제주인과 해녀들의 삶의 애환을 느껴볼 수 있다.

한라산 동쪽 끝 해안가에 위치한 하도리는 매년 겨울이면 철새들이 찾아든다. 해발고도가 약 50m 이하의 낮은 평지로 동쪽으로는 농경지가 있고 북쪽으로는 둑 너머로 푸른 해변이 펼쳐져 있으며, 남쪽으로는 갈대밭이 있어 철새들이 서식하기 좋은 환경을 갖췄다. 이곳을 찾는 대표적인 철새는 천연기념물이자 멸종위기 야생생물인 고니, 노랑부리저어새, 저어새, 참매 등이 있다. 매년 황조롱이, 물수리 등의 맹금류, 청둥오리·원앙·고방오리·넓적부리·쇠오리 등의 오리류, 논병아리류, 가마우지류 등 30여 종의 철새 3,000~5,000마리가 찾아든다.

하도리는 도의여 혹은 알도의여라는 이름으로도 불렸다. 마을 앞바다에 토끼섬이 있어 이 일대를 도의여 혹은 돈의여라고 불렀다는 데서 그 유래를 찾아볼 수 있다. ‘여’는 물속에 잠겨 보이지 않는 바위를 말한다. 하도리 철새도래지의 북쪽 둑 너머로는 하도리해수욕장이 있어 여름이면 많은 피서객이 해수욕을 즐기기 위해 찾아온다. 둑을 축조하며 만들어진 다리는 드라이브 코스로도 좋다.

* 문의 : 064-710-3314
* 휴무일 : 연중무휴

◎이용안내
- 이용요금 : 없음

*해녀박물관 입장시
- 이용요금 : 어른 1,100원, 청소년 500원
- 이용시간 : 해녀박물관 매일 09:00~18:00 (매주 월요일 정기휴무)
- 화장실 : 있음
- 주차시설 : 있음, 무료

*숨비소리길 코스: 해녀박물관-삼신당-면수동 마을회관-팽나무-밭담길-별방진-무두망개- 서동 보시코지불턱-모진다리 불턱-생이덕불턱-서동 성창-면수동 해녀탈의장-갯것할망당-도구리통-해녀박물관"
46,전남 완도 청산도 [슬로시티],"청산도는 완도에서 19.2km 떨어진 다도해 최남단 섬으로 배를 타고 50분 정도 걸린다. 예로부터 공기가 맑고 산과 바다가 푸른 청산도는 청산여수(靑山麗水), 선원도(仙源島) 등 갖고 있는 이름도 많다. 1960년대에 고등어와 삼치가 많이 잡혀 파시(波市)가 열리는 등 어업전진기지 역할을 하기도 했으며, 임권택 감독의 ‘서편제’를 비롯해 다수의 영화와 드라마의 배경이 됐다. 구들장논, 해녀, 돌담장 등 섬 고유의 전통문화가 어우러진 청산도는 2007년 아시아 최초의 슬로시티로 선정된 데 이어 2011년 세계 슬로길 제1호 공식 인증을 거쳐 2013년 재인증됐다. 특히 청산도 구들장논은 2013년 국가중요농업유산 제1호로 지정된 데 이어 2014년 세계중요농업유산에 등재됐다. 

청산도 슬로길은 11개 코스(17길)가 있다. 슬로길을 걷다 보면 바람이 불 때 바위틈에서 범이 우는 소리가 난다 해서 이름 붙인 범바위, 역사성과 지역성을 살려 구현한 향토역사문화전시관, 편지 받고 싶은 달을 선택할 수 있는 12개의 월별 느림 우체통이 있는 느린 걸음 느림 카페, 파시문화거리, 섬갤러리, 포토존 등 이채로운 관광지가 발길을 잡는다. 관광객은 조개공예, 느림 우체통 편지 쓰기, 슬로푸드 등을 체험할 수 있고, 유채꽃이 만발하는 매년 4월이면 ‘느림은 행복이다’라는 주제로 슬로 걷기 축제의 막이 오른다. 


* 문의 : 061-550-5114
* 휴무일 : 연중무휴
* 지정현황 : 청산도 구들장논(세계중요농업유산, 2014.4.1)
* 관련 홈페이지 : http://www.wando.go.kr/tour

◎이용안내
- 이용요금 : 무료
- 화장실 : 있음
- 주차시설 : 지역 명소별로 다름"
47,진천만뢰산 자연생태공원,"진천 만뢰산 자연생태공원은 도시숲 조성 사업의 일종으로 다양한 수목식재 및 자연 친화적인 시설 설치를 통해 다양한 볼거리와 공간을 제공하고자 조성되었다. 이곳엔 생태연못, 자생수목원, 밀원식물원, 습생초지원, 열매나무원, 야생초화/허브원, 생태교육장, 곤충관찰원, 임간학습장 등이 설치되어  도심형 공원과는 차별화된 체험형 자연생태공원으로 이뤄져있다.

* 문의 : 043-539-3448, 3458
* 휴무일 : 연중무휴
* 관련 홈페이지 : <a href=""https://www.jincheon.go.kr/site/tour/main.do""target=""_blank"" title=""새창: 진천관광 홈페이지로 이동"">진천관광 https://www.jincheon.go.kr/site/tour/main.do</a>

◎이용안내
- 이용요금 : 무료
- 화장실 : 있음(남/녀구분)
- 장애인 편의시설 : 장애인화장실 있음(남녀구분)
- 주차시설 : 있음"
48,소백산국립공원,"소백산국립공원은 충청북도 단양군과 경상북도 영주시, 봉화군에 걸쳐 있다. 한반도 백두대간의 줄기가 서남쪽으로 뻗어내려 강원도, 충청도, 전라도와 경상도를 갈라 영주 분지를 병풍처럼 둘러치고 있다. 우리나라 12대 명산 중 하나로 주봉인 비로봉(1,439m)을 비롯해 국망봉(1,421m) 등 1,000m가 넘는 많은 영봉이 어울려 웅장한 산세를 만든다. 비로봉은 수많은 야생화의 보고로 왜솜다리가 자생하고 있으며 특히 천연기념물인 소백산 주목군락과 함께 어우러진다. 제1연화봉에서부터 비로봉 사이의 북서사면에 분포하고 있는 주목은 평균 수령 350년, 총 본수는 3,798본으로 우리나라 최대의 주목군락지를 형성한다.<br /><br />이황이 풍기군수를 지낼 때 소백산을 유람하고 ‘유소백산록(遊小白山錄)’이란 기행문을 썼을 만큼 수려한 소백산 일대에는 많은 명소가 있다. 고려 경기체가의 대표적 작품으로 알려진 안축의 ‘죽계별곡’ 배경인 죽계구곡, 높이 30m의 웅장한 희방폭포, 북쪽 기슭에 있는 석회동굴로서 유명한 고수동굴 등을 비롯해 신라의 고찰로서 유명한 희방사, 고려 최대의 목조건물로 꼽히는 무량수전이 있는 부석사, 우리나라 최초의 소수서원 등을 빼놓을 수 없다. 소백산에서 희방사, 영주 부석사, 풍기 인삼단지를 거쳐 단양팔경, 충주로 이어지는 코스는 관광객에게 특히 인기가 많다.<br /><br />* 문의 : 054-630-0700<br />* 휴무일 : 연중무휴<br />* 지정현황 : 영주부석사무량수전(국보), 소백산 주목군락(천연기념물) 등<br />* 관련 홈페이지 : <a href=""http://www.knps.or.kr/""title=""새창: 
국립공원""target=""_blank"">http://www.knps.or.kr/</a><br /><br />◎이용안내<br />- 이용요금 : 없음<br />- 화장실 : 있음<br />- 주차시설 : 경형 2,000원, 중소형 4,000~5,000원, 대형 6,000~7,500원<br>"
49,내장산 국립공원,"호남 5대의 명산 중 하나이자 한국을 대표하는 8경 중 하나로 손꼽히는 곳으로 1971년 우리나라 8번째 국립공원으로 지정되었다. 면적은 80.708k㎡이다. 신선봉(763m)을 주봉으로 하는 내장산은 봉우리들의 높이가 700m 내외지만 봉우리 정상이 저마다 독특한 기암으로 이루어져 있어 예로부터 ‘호남의 금강’이라 불렸다. 내장산은 원래 본사인 영은사의 이름을 따서 영은산(靈隱山)으로 불리다가 산 안에 감춰진 것이 무궁무진하다고 하여 안 내(內), 감출 장(藏) 자의 내장산으로 불리게 되었다.

* 문의 : 내장산국립공원 관리사무소 063-538-7875
* 휴무일 : 연중무휴
* 관련 홈페이지 : <a href=""http://naejang.knps.or.kr/"" target=""_blank"" title=""새창 : 내장산 국립공원 홈페이지로 이동"">http://naejang.knps.or.kr/</a>

◎이용안내
- 이용요금 : 시설 이용료 상이, 홈페이지 참조
- 화장실 : 있음
- 장애인 편의시설 : 장애인 화장실 있음, 장애인 주차장(약 10대)
- 주차시설 : 주차 가능(일반 100여 대, 대형 50여 대) 공영주차장 하루 5,000원"
50,파주DMZ,"6·25 전쟁으로 파주에서 고성까지 248km에 달하는 남과 북을 가르는 군사분계선(휴전선)이 생겨났다. 그리고, 남과 북은 유사시 충돌을 막기 위해 군사분계선을 기준으로 각각 2km씩 떨어져 또 하나의 선을 그었다. 이게 남방한계선과 북방한계선이다. 또한, 남․북방 한계선 사이에 어떠한 군사시설도 설치하지 않기로 규정했기 때문에 이 지역을 비무장지대(DMZ, Demilitarized Zone)라 부르게 된 것이다. 이 결과로 한반도에는 무려 약 3억 평에 이르는 비무장지대, 즉 DMZ가 생겨났다.

DMZ 중 가장 많이 알려진 곳이 파주 DMZ이다. 파주 DMZ는 임진강을 따라 올라가면 다양한 철새와 동물들이 어우러진 모습을 볼 수 있는 서부 DMZ권역 생태보전의 핵심지역이다. 초평도 습지와 장단반도 습지, 문산 습지, 임진각 습지 등 생태적으로 우수한 습지가 많고, 서해안의 갯벌과 가까워 야생동물의 서식지이자 이동성 물새의 중간 기착지와 월동지로 중요한 역할을 한다. 환경부에서 지정한 멸종위기 야생생물을 포함한 다양한 생물종이 서식하고 있다.

한국을 찾은 외국인 관광객이 가장 하고 싶은 관광 중에 하나가 파주 DMZ 평화관광이다. 파주 DMZ에는 분단의 아픔과 남북간 평화 노력을 배울 수 있는 살아있는 교육장이라고 불리만큼 평화관광지도 다양하다. 판문점, 대성동마을, 제3땅굴, 도라전망대, 캠프 그리브스 등 분단의 흔적과 개성공단, 경의선 철도, 도라산역 등 통일을 향한 교류와 협력의 시설을 관람할 수 있다. 특히, 4.27 판문점선언 이후 평화의 공간으로 전 세계의 주목을 받고 있다.

* 문의 및 안내 : 031-953-4744 
* 관련 홈페이지 : <a href=""https://tour.paju.go.kr/user/tour/main/index.do"" target=""_blank"" title=""새창 : 파주문화관광 홈페이지로 이동"">https://tour.paju.go.kr/user/tour/main/index.do</a>"
51,국립 종복원기술센터,"국립공원공단 종복원기술원은 우리나라에서 사라져 가는 멸종위기동식물의 연구 · 복원사업을 현장에서 시행하고 있으며, 현재 지리산국립공원 반달가슴곰, 설악산과 월악산국립공원의 산양, 소백산 여우, 덕유산의 멸종위기식물 등 복원 사업을 진행하고 있다. 특히, 반달가슴곰 복원사업은 2004년부터 10년째 이어오고 있는 사업이며 생물종 보전을 위해 국가적 차원에서 의지를 가지고 시행하는 사업으로 한반도에서 사라져 가고 있는 생물종 복원 사업의 효시이자 생물다양성 증진에 기여하는 범국가적인 큰 의미를 가지고 있다.


* 문의 : 061-783-9120
* 관련 홈페이지 : <a href=""https://www.knps.or.kr/bear/main.do"" target=""_blank"" title=""새창 : 국립공원야생생물보전원 홈페이지로 이동"">https://www.knps.or.kr/bear/main.do</a>

◎이용안내
- 이용요금 : 없음
- 화장실 : 있음(남녀구분)
- 주차시설 : 있음(일반 10여 대)"
52,제주세계자연유산센터,"제주세계자연유산센터는 대한민국에서 유일한 유네스코 세계자연유산으로서의 가치를 널리 알리기 위해 조성되었다. 4D영상관에서 제주의 환상적인 자연을 온몸으로 느끼고, 리프트를 타고 제주도 탄생과정 체험, 직접 가 볼 수 없는 용암 동굴 체험 등 교과서에 실린 세계자연유산 제주를 직접 체험해 볼 수 있다. 제주 세계자연유산센터는 2007년 유네스코 세계자연유산 등재, 2009 환경부 선정 생태관광 20선, 2010 한국형 생태관광 10모델에 선정된 대표적인 생태관광지 유네스코 세계자연유산 거문오름에 위치해 있다.<br>"
53,경주 국립공원,"우리나라에서 유일한 사적형 공원인 경주국립공원은 지리산에 이어 두 번째로 1968년 국립공원으로 지정되었다. 
불교문화의 백미인 불국사, 석굴암을 품에 안은 토함산과‘불교노천박물관’으로 불리는 남산을 비롯해 8개 지구의 면적이 136.55㎢에 달한다. 잘 보존된 신라 문화 유적과 조화로운 자연경관 때문에 역사 교육의 장으로 많은 사랑을 받고 있다. 또한 1979년 유네스코가 지정한 세계 10대 유적지 중 하나로 그 가치를 세계적으로 인정받고 있다.


* 문의 : 054-778-4100
* 휴무일 : 연중휴무
* 관련 홈페이지 : http://gyeongju.knps.or.kr/

◎이용안내
- 이용요금 : 시설별 이용료 상이
- 화장실 : 있음(남녀구분)
- 장애인 편의시설 : 장애인 화장실 있음(남녀구분) / 장애인주차장 있음(5대)
- 주차시설 : 있음 (일반 275대,대형 20여대)"
54,수분마을,"옛날부터 ‘물뿌랭이’ 마을이라 불렸으며 뿌랭이는 ‘뿌리’의 사투리로 물의 근원이 된다는 의미가 있다. 또한, 이곳 신무산은 금남호남정맥으로 금강과 섬진강으로 분수 되는 지형적인 조건으로 ‘수분마을’이라고 명명되었다. 태조 이성계가 나라를 세우기 전에 이곳 신무산과 팔공산에서 신의 계시를 받고자 하였으며, 드디어 새벽에 오색 찬란한 무지개가 떠오르면서 새가 나는 소리에 깜짝 놀라 그곳에 가보니 봉황이 날았으며, 봉황이 날아간 자리에는 조그마한 샘이 있어 제를 올린 후 봉황이 떴다 하여 「뜬봉샘」이라 하였다는 이야기가 전해진다. 마을에는 매우 오래된 천주교공소가 있으며, 신유사옥이래 천주교인들의 은신과 1846년 김대건 신부도 피신하기도 하였다고 하여 이 지방의 천주교의 역사가 있을 것으로 추정되나 아쉽게도 공식적인 기록은 없다고 한다.

* 문의 : 063-350-2537
* 관련 홈페이지 : <a href=""https://www.jangsu.go.kr/index.jangsu"" target=""_blank"" title=""새창 : 장수군 홈페이지로 이동"">https://www.jangsu.go.kr/index.jangsu</a>

◎이용안내
- 이용요금 : 무료
- 화장실 : 있음 (남녀구분) 
- 주차시설 : 일반 10대 주차 가능"
55,금강생태문화탐방로1,"금강하구길은 군산의 여러 명소 중 단연코 주인공이다. 강변에는 금강유원지, 곰개나루관광지, 금강호시민공원, 금강호 휴게소 등이 조성되어 여행객들의 편의를 도모하고 있다. 겨울철이면 금강하구 일대는 철새들의 천국으로 변해 탐조여행의 1번지가 된다. 국내 최대의 철새도래지로 알려져 있는 이곳은 가창오리, 청둥오리, 기러기, 혹부리오리, 재갈매기, 검은 머리 갈매기, 검은 머리 물떼새 등 각종 희귀 철새들이 수십만 마리씩 날아와 겨울을 보낸다. 특히 가창오리의 군무는 장관을 이뤄 이를 보기 위해 국내외 많은 철새탐조객이 찾고 있다.

* 문의 : 063-454-3303 

◎이용안내
- 이용요금 : 탐방로의 경우 무료 이용 가능, 단 프로그램 등 비용은 홈페이지 확인이나 전화문의가 필요 (063-454-5680)
- 화장실 : 있음(남녀구분)
- 장애인 편의시설 : 장애인 화장실 있음(남녀구분), 장애인 주차장 있음 (10여 대)
- 주차시설 : 주차 가능(일반 100여 대, 대형 30여 대 주차 가능)"
56,동림저수지,"한국의 멸종위기종인 수달이 동림저수지와 인근 수계로 이동하며 먹이활동을 하는 서식지일 뿐만 아니라 가창오리 외 다수의 조류가 찾아들고 있는 저수지로써 보존가치가 매우 높다.<br>

* 문의 : 063-560-2882 
* 관련 홈페이지 : <a href=""http://www.gochang.go.kr/gcbr/index.gochang"" target=""_blank"" title=""새창 : 유네스코 고창 생물권보전지역 홈페이지로 이동"">http://www.gochang.go.kr/gcbr/index.gochang</a>

◎ 이용안내
- 화장실 : 있음 (남녀구분)
- 장애인 편의시설 : 없음
- 주차시설 : 없음"
57,고창선사문화탐방로1,"고창 생태문화탐방로는 유네스코 생물권보전지역으로 지정된 고창군 전체를 돌아볼 수 있다. 또한 내륙습지인 운곡습지와 연안습지인 고창 갯벌습지가 있어 다양한 생물이 살아가는 생태계와 아름다운 자연경관의 가치를 느낄 수 있다. 이밖에도 고창읍성, 유네스코 세계문화유산에 등재된 고창 고인돌유적지를 탐방할 수 있다.<br>


* 문의 : 063-560-2874
* 개장일 : 고인돌 박물관 운영시간 - 하절기 (3~10월) 09:00~18:00 / 동절기 (11~2월) 09:00~17:00 
* 휴무일 : 고인돌 박물관 - 매년 1월 1일, 매주 월요일, 기타 고창군수가 정하는 휴관일
* 관련 홈페이지 : http://www.eco-tour.kr

◎이용안내
- 이용요금 : 시설별 이용 요금 다름
- 화장실 : 있음 (남녀구분)
- 장애인 편의시설 : 장애인 화장실 있음 (남녀구분), 장애인 주차장 있음 (20여 대)
- 주차시설 : 일반 100여 대, 대형 30여 대 주차 가능"
58,전주자연생태 체험센터,"전주천 상류의 치명자산과 승암산 기슭에 자리 잡은 전주자연생태관이 전주권 자연생태의 명소로 자리매김하고 있다. 1만 8,766㎡ 부지면적에 지하 1층 지상 3층, 연면적 2,075㎡의 규모로 국ㆍ도비 보조를 받아 건립된 전주자연생태관은 외양부터가 전주의 특성을 살렸다. 특히 건물 이미지는 한국의 전통적인 처마선을 이용한 다양한 비례 사용으로 리듬감 있게 설계되었다. 전면출입구는 물고기 입의 조형적 이미지를, 후면출입구는 물고기 꼬리를 형상화하여 전통과 현대를 접목시켰다는 점이 흥미롭다.

* 문의 : 063-281-5252
* 개장일 : 09:00~18:00(매표마감 17:00)
* 휴무일 : 매주 월요일, 1월 1일, 명절당일
* 관련 홈페이지 : <a href=""http://ecomuseum.jeonju.go.kr/"" target=""_blank"" title=""새창 : 전주자연생태관 홈페이지로 이동"">http://ecomuseum.jeonju.go.kr/</a>

◎이용안내
- 이용요금 :
개인 - 일반 2,000원, 중, 고등학생 1,000원, 초등학생 이하 500원
단체 - 일반 1,500원, 중, 고등학생 700원, 초등학생 이하 300원
- 화장실 : 있음 (남녀구분)
- 장애인 편의시설 : 장애인 화장실 있음 (남녀구분), 장애인 주차장 있음 (2대) 
- 주차시설 : 일반 60여 대, 대형 30여 대 주차 가능"
59,고창선사문화탐방로3,"고창 생태문화탐방로는 유네스코 생물권보전지역으로 지정된 고창군 전체를 돌아볼 수 있다. 내륙습지인 운곡습지와 연안습지인 고창 갯벌습지가 있어 다양한 생물이 살아가는 생태계와 아름다운 자연경관의 가치를 느낄 수 있다. 이밖에도 고창읍성, 유네스코 세계문화유산에 등재된 고창 고인돌유적지를 탐방할 수 있다.<br>


* 문의 : 063-560-2876
* 개장일 : 고인돌 박물관 운영시간 - 하절기 (3~10월) 09:00~18:00 / 동절기 (11~2월) 09:00~17:00 
* 휴무일 : 고인돌 박물관 - (매년 1월 1일, 매주 월요일, 기타 고창군수가 정하는 휴관일) 
* 관련 홈페이지 : <a href=""http://www.eco-tour.kr"" target=""_blank"" title=""새창 : 우리나라 생태관광 이야기 홈페이지로 이동"">http://www.eco-tour.kr</a>

◎이용안내
- 이용요금 : 시설 이용료 상이
- 화장실 : 있음 (남녀구분)
- 장애인 편의시설 : 장애인 화장실 있음 (남녀구분), 장애인 주차장 있음 (30여 대)
- 주차시설 : 일반 100여 대, 대형 50여 대 주차가능"
60,하곡마을,"진안군 부귀면 수항리 하곡마을은 운장산 맑은 물이 흘러내려와 물이 합쳐지는 해발 330m의 고랭지마을로 상곡과 중곡의 물이 하곡에서 합수되어 마을 앞 냇가로 흘러 들어가 그물목에 있다 하여 마을명칭을 하곡이라 칭하고 오늘에 이르고 있다. 하천 옆으로는 풍치림과 휴게림의 역할을 하는 대단위의 마을 숲이 조성되어 숲과 하천이 잘 어우러지는 곳으로 평소에는 주민들의 쉼터로, 피서철에는 도시민들의 휴식공간으로 활용되고 있다. 또한, 이 마을은 벼농사에 제초제를 쓰는 대신에 친환경 우렁이 농법을 통하여 벼농사를 지으며 수확 후에는 10ha 정도의 자운영(동계)을 식재 경관농업을 조성하는 등 친환경마을로 발돋움하고 있다.

* 문의 : 063-430-2333
* 관련 홈페이지 : <a href=""https://www.me.go.kr/smg/web/main.do"" target=""_blank"" title=""새창 : 전북지방환경청 홈페이지로 이동"">https://www.me.go.kr/smg/web/main.do</a>

◎이용안내
- 화장실 : 없음
- 장애인 편의시설 : 없음
- 주차시설 : 없음"
61,금강생태문화탐방로2,"금강하구길은 군산의 여러 명소 중 단연코 주인공이다. 강변에는 금강유원지, 곰개나루관광지, 금강호시민공원, 금강호 휴게소 등이 조성되어 여행객들의 편의를 도모하고 있다. 겨울철이면 금강하구 일대는 철새들의 천국으로 변해 탐조여행의 1번지가 된다. 국내 최대의 철새도래지로 알려져 있는 이곳은 가창오리, 청둥오리, 기러기, 혹부리오리, 재갈매기, 검은 머리 갈매기, 검은 머리 물떼새 등 각종 희귀 철새들이 수십만 마리씩 날아와 겨울을 보낸다. 특히 가창오리의 군무는 장관을 이뤄 이를 보기 위해 국내외 많은 철새탐조객이 찾고 있다.<br> 


* 문의 : 063-467-9880
* 관련 홈페이지 : <a href=""http://www.eco-tour.kr"" target=""_blank"" title=""새창 : 우리나라 생태관광 이야기 홈페이지로 이동"">http://www.eco-tour.kr</a>

◎이용안내
- 이용요금 : 탐방로의 경우 무료 이용 가능, 단 프로그램 등 비용은 홈페이지 확인이나 전화문의가 필요 (063-454-5680) 
- 화장실 : 없음
- 장애인 편의시설 : 없음 
- 주차시설 : 없음"
62,고창선사문화탐방로2,"고창 생태문화탐방로는 유네스코 생물권보전지역으로 지정된 고창군 전체를 돌아볼 수 있다. 내륙습지인 운곡습지와 연안습지인 고창 갯벌습지가 있어 다양한 생물이 살아가는 생태계와 아름다운 자연경관의 가치를 느낄 수 있다. 이밖에도 고창읍성, 유네스코 세계문화유산에 등재된 고창 고인돌유적지를 탐방할 수 있다.<br>


* 문의 : 063-560-2875
* 관련 홈페이지 : <a href=""http://www.eco-tour.kr"" target=""_blank"" title=""새창 : 우리나라 생태관광이야기 홈페이지로 이동"">http://www.eco-tour.kr</a>

◎이용안내
- 이용요금 : 시설 이용료 상이
- 화장실 : 있음 (남녀구분)
- 장애인 편의시설 : 없음
- 주차시설 : 없음"
63,지리산 북부 국립공원,"1967년 최초의 국립공원으로 지정된 지리산은 경남의 하동, 함양, 산청, 전남의 구례, 전북의 남원 등 3개 도, 5개 시군에 걸쳐 483.022㎢의 가장 넓은 면적을 지닌 산악형 국립공원이다. 둘레가 320여 km나 되는 지리산에는 셀 수 없이 많은 봉우리가 천왕봉(1,915m), 반야봉(1,732m), 노고단(1,507m)을 중심으로 병풍처럼 펼쳐져 있으며, 21여 개의 능선 사이로 계곡들이 자리하고 있다.<br>

* 문의 : 063-630-8900
* 관련 홈페이지 : <a href=""http://jiri.knps.or.kr/"" target=""_blank"" title=""새창 : 지리산국립공원 홈페이지로 이동"">http://jiri.knps.or.kr/</a>

◎ 이용안내
- 이용요금 : 시설 이용료 상이하므로 홈페이지 참조
- 화장실 : 있음 (남녀구분)
- 장애인 편의시설 : 장애인 주차장 있음 (3대)
- 주차시설 : 일반 10여 대, 대형 5대 주차 가능"
64,줄포만갯벌생태공원,"부안줄포만 습지보호지역에서 갯벌생태학교가 운영된다. 갯벌 생물이 환경에 미치는 영향 등 이론교육과 저서생물, 염생식물 등을 관찰하는 생태체험으로 나누어 실행된다. 2003년부터 약 5년 동안 진행된 생태공원 조성사업을 통해 생겨난 공원으로, 약 64만㎡의 규모로 조성되었다. 특히 공원의 반을 뒤덮은 갈대숲이 아름다우며, 자생식물을 심어 재배함으로써 줄포소재지 생활하수를 정화시키고 있다.

봄에는 온갖 종류의 꽃들이 만개하고 여름에는 해바라기, 가을에는 코스모스가 장관을 이루며 초겨울의 갈대숲은 마치 영화의 한 장면처럼 아름답다. 갈대숲 사이로 난 10리 길은 데이트코스와 산책로로 손색이 없다. 줄포 저류지는 줄포시가지의 침수를 방지하기 위해 만들어진 갯벌 저류지로 천연기념물인 황조롱이를 비롯, 50종의 자연생태의 염생식물이 다양하게 서식하고 있다.


* 문의 : 063-580-3171
* 개장일 : 생태공원 운영시간 - 09:00 ~ 일몰 시까지 / 갯벌생태관 운영시간 - 하절기 (3~10월) 09:00 ~ 18:00, 동절기 (11~2월) 09:00 ~ 17:00
* 휴무일 : 매주 월요일, 추석 당일, 설날 당일
* 관련 홈페이지 : <a href=""https://www.buan.go.kr/julpoman/index.buan"" target=""_blank"" title=""새창 : 부안 줄포만 노을빛 정원 홈페이지로 이동"">https://www.buan.go.kr/julpoman/index.buan</a>

◎이용안내
- 이용요금 : 생태보트체험 유료 - 단, 매주 월요일은 체험이 불가하며, 단체체험 사전예약 필수 문의(063-580-3173)
- 화장실 : 있음 (남녀구분) 
- 장애인 편의시설 : 장애인 화장실 있음 (남녀구분), 장애인 주차장 있음 (5대)
- 주차시설 : 일반 25대, 대형 5대 주차 가능"
65,무주반디랜드 반딧불이자연학교,"무주 반디별 천문관, 통나무집, 청소년수련원, 곤충박물관, 청소년 야영장, 반딧불 연구소가 있는 체험학습교육공간이다.

<strong>곤충박물관</strong> - 반딧불이를 비롯한 이천여종 17,000여 마리의 전 세계 희귀 곤충 표본과 고생대와 신생대의 화석이 전시되어 있으며, 유리 온실에는 이백여종의 열대 식물이 전시되어 있다. 또한 3D입체영상실과 누워서 관람하는 돔스크린 영상실이 갖추어져 있다.

<strong>천문과학관</strong> - 우주의 탄생과 역사, 태양계, 별자리, 우주환경 등 최신 정보와 자료를 바탕으로 제작된 다양한 전시물을 갖추고 있으며, 국내 공립천문대 중 가장 뛰어난 관측환경과 장비가 구비되어 있다. 
또한, 반딧불이 연구소, 청소년 수련원, 통나무집, 청소년 야영장, 야외물놀이장이 있다.<br>

* 문의 : 063-324-1155
* 휴무일 : 반디랜드 곤충박물관, 천문과학관 - 매주 월요일 휴무 (월요일이 공휴일인 경우, 화요일 휴관) 
* 관련 홈페이지 : <a href=""http://tour.muju.go.kr/bandiland/index.do"" target=""_blank"" title=""새창 : 무주반디랜드 홈페이지로 이동"">http://tour.muju.go.kr/bandiland/index.do</a>

◎이용안내
- 이용요금 : 시설별 이용료 상이, 홈페이지 참조
- 화장실 : 있음 (남녀구분)
- 주차시설 : 일반 5대 주차 가능"
66,경안천 습지생태공원,"경안천을 통하여 팔당호 상수원으로 유입되는 오염물질을 수변식물을 통해 수질을 개선하여, 동·식물들에게 깨끗한 서식처를 제공하고, 도시민에게 인간과 자연이 공존하는 친환경적이고 안락한 휴식처를 제공하기 위하여 조성하였다. 공원 입구에는 조성 목적과 산책로 지도가 그려진 안내판이 있고 주차장, 화장실, 벤치 등 편의시설이 갖추어져 있다. 약 2km에 이르는 산책로에는 소나무, 왕벚나무, 단풍나무, 감나무, 왕버들, 선버들 등이 우거져 있고 연밭 위를 지나는 목재 데크, 갈대 군락과 부들 군락, 철새조망대 등이 설치되어 있다. 산책로 중간중간에는 갈대습지의 수질정화 원리를 비롯하여 경안천에 사는 새와 곤충, 자생식물 등에 관한 자료를 배치하여 탐방객들의 이해를 돕고 있다. 주변에 얼굴박물관, 분원백자자료관, 경기도자박물관 등의 명소가 있다.


* 문의 : 031-760-4482
* 개장일 : 하절기 05:00 ~ 20:00 / 동절기 07:00 ~ 18:00
* 관련 홈페이지 : http://tour.gjcity.go.kr/

◎이용안내
- 이용요금 : 무료
- 화장실 : 있음(남녀구분)
- 장애인 편의시설 : 장애인화장실 있음(남녀구분)
- 주차시설 : 가능"
67,주왕산 국립공원,"1976년 우리나라 12번째 국립공원으로 지정되었으며, 면적은 105.595㎢이다. 
보는 이를 한눈에 사로잡는 암봉과 깊고 수려한 계곡이 빚어내는 절경을 간직한 영남 제1의 명승지이다. 주왕산(720.6m)을 중심으로 태행산(933.1m), 대둔산(905m), 명동재(875m), 왕거암(907.4m) 등의 산들이 말발굽형으로 자연성곽 같은 멋진 산세를 이루고 있으며, 7천만 년 전의 용암이 흘러내리면서 굳은 회류 응회암으로 이루어져 특색 있는 경관을 이루고 있어 우리나라의 3대 암산 중 하나로 손꼽히고 있다.


* 문의 : 054-870-5300
* 관련 홈페이지 : http://juwang.knps.or.kr/

◎이용안내
- 이용요금 : 시설별 이용료 상이
- 화장실 : 있음(남녀구분)
- 장애인 편의시설 : 장애인 화장실 있음(남녀구분) / 장애인주차장 있음
- 주차시설 : 있음(일반 다수 가능, 대형 10여 대)"
68,백운산자연휴양림,"해발 1,218m의 백운산을 주봉으로 하여 인공림과 천연림이 조화된 아름드리 소나무가 융단처럼 펼쳐져 있고 삼나무와 편백 숲 속의 계곡은 감탄을 자아내게 한다. 인근에는 도선국사가 35년간 수도하던 옥룡사지(국가지정 사적 407호)가 자리 잡고 있으며, 초봄(2~3월)이면 옥룡사지 주변을 둘러싼 7,000여 그루의 동백꽃이 만개장관을 이루고 있다. 또한 휴양림이 위치하고 있는 백운산은 우리나라 생태계의 보고이다. 희귀 동식물이 다량 분포하여 다양한 볼거리를 제공하고 있으며 해마다 봄철이면 건강약수로서 각광을 받고 있는 고로쇠 음용 할 수 있는 천혜의 자연휴양림이라 할 수 있다.


* 문의 : 061-797-3915
* 관련 홈페이지 : <a href=""http://bwmt.gwangyang.go.kr"" target=""_blank"" title=""새창 : 백운산자연휴양림 홈페이지로 이동"">http://bwmt.gwangyang.go.kr</a>

◎이용안내
- 이용요금 : 
개인 : 어른 1,000원 / 청소년 600원
단체(30인 이상) : 어른 800원 / 청소년 500원
- 화장실 : 있음(남녀구분)
- 장애인 편의시설 : 장애인주차장 5대
- 주차시설 : 있음(일반 10여 대, 대형 20여 대)"
69,한려해상 국립공원(동부),"한려해상국립공원은 1968년 우리나라에서 4번째이자 해상공원으로는 최초로 국립공원으로 지정되었다. 경남 거제시 지심도에서 전남 여수시 오동도까지 300리 뱃길을 따라 크고 작은 섬들과 천혜의 자연경관이 조화를 이루는 해양생태계의 보고이다. 상주·금산지구, 남해대교지구, 사천지구, 통영·한산지구, 거제·해금강지구, 여수·오동도 지구의 전체 면적은 535.676㎢이며 76%가 해상 면적이다. 가장 아름다운 바닷길로 이름난 한려수도는 71개의 무인도와 29개의 유인도가 보석을 점점이 흩어놓은 듯하다.

* 문의 : 055-640-2400
* 관련 홈페이지 : <a href=""http://hallyeo.knps.or.kr/"" target=""_blank"" title=""새창 : 한려해상국립공원 홈페이지로 이동"">http://hallyeo.knps.or.kr/</a>

◎ 이용안내
- 이용요금 : 시설별 이용료 상이
- 화장실 : 있음(남녀구분)
- 장애인 편의시설 : 장애인주차장 4대 / 장애인화장실 있음(남녀구분)
- 주차시설 : 있음"
70,자연생태박물관,"자연생태박물관은 문경새재일원의 생태자원 및 생물자원을 연구하여 전시하는 곳이다. 지상 2층 친환경 목조건물로 되어 있으며 1층은 청정 미래에너지에 대한 학습을 할 수 있는 신재생에너지전시실이 있고, 문경의 자연환경을 영상으로 학습할 수 있는 영상실 등이 있다. 2층은 문경의 생태자원 및 자연사를 학습 및 관람할 수 있는 상설전시관 및 매번 변화된 전시물로 탐방객에게 다가가는 기획전시실, 게임을 통해 자연생태를 학습할 수 있는 생태게임룸으로 구성되어 있다.

* 개장일 : 하절기(3월~10월) 09:00~18:00 / 동절기(11월~2월) 09:00~17:00 / ※ 1시간 전 입장마감
* 쉬는날 : 매년 1월 1일, 음력 설날 및 추석 당일
* 관련 홈페이지 : <a title=""새창 : 자연생태박물관 페이지로 이동"" href=""https://www.gbmg.go.kr/tour/contents.do?mId=0103010100"" target=""_blank"">https://www.gbmg.go.kr/tour/</a>

◎이용안내
- 이용요금 : 무료
- 화장실 : 있음(남녀구분)
- 장애인 화장실 있음(남녀구분)
- 주차시설 : 있음(일반/대형 다수 가능)"
71,토성산성 어울길,"도심 근처의 토성산성어울길은 2개의 코스로 구성되어 있다. 성내천 주변으로 조성된 인공폭포와 분수대는 걷는 이로 하여금 마음 시원하게 만들며, 남한산성길은 능선의 흐름에 맞춰 조성된 산성과 울창한 수림이 묘한 조화를 이룬다. 코스 중간중간 다양하고 많은 문화재가 또 다른 볼거리를 제공한다.

* 문의 : 031-777-7500 

◎ 이용안내
- 이용요금 : 무료
- 화장실 : 있음(남녀구분)
- 장애인 편의시설 : 장애인주차장 있음(26대), 장애인화장실 있음(남녀구분) 
- 주차시설 : 있음(일반 282대, 대형 308대)"
72,솔향기길 3코스,"태안 솔향기길은 최근 증가하는 걷기 여행 수요에 대응하고, 2007년 기름유출사고로 침체된 지역경제활성화를 위해 조성되었다. 당시 기름제거작업을 위해 이용하던 방제로를 과거 군부대 해안경계 순찰로, 오설길, 임도 등과 연결하여 조성하였으며, 아픔 속에서 탄생한 120만 자원봉사자들을 위한 보은의 길이다. 또한 천혜의 해안경관을 감상하며 피톤치드 그윽한 솔향과 바다내음, 숲소리와 바닷소리를 들으며 자연을 느끼며 탐방할 수 있는 도보 중심의 길이다.

* 문의 : 태안군청 041-675-2114
* 관련 홈페이지 : <a href=""http://www.eco-tour.kr"" target=""_blank"" title=""새창 : 우리나라 생태관광 이야기 홈페이지로 이동"">http://www.eco-tour.kr</a>

◎이용안내
- 코스 : 볏가리마을 - 국사봉 - 밤섬나루터 - 소코뚜레바위 - 새섬리조트"
73,선암골생태유람길(숲소리길),"신선이 노닐다 간 자리라고 하여 퇴계 이황 선생이 친히 ‘삼선구곡(三仙九曲)’이라는 이름을 붙여 준 선암계곡은 10km에 이르는 청정계곡으로 농촌풍경길(사인암∼단성생활체육공원 8.4㎞) 등로와 가까이 있어서 시원하게 드라이브를 즐기면서 맑은 물과 눈부시게 하얀 너럭바위가 옹기종기 모인 풍경을 감상할 수 있는 코스이다. 

* 문의 : 043-420-2552
* 관련 홈페이지 : <a href=""https://www.danyang.go.kr/tour/527"" target=""_blank"" title=""새창 : 단양군 문화관광 홈페이지로 이동"">https://www.danyang.go.kr/tour/527</a>

◎ 이용안내
- 이용요금 : 무료 
- 화장실 : 없음
- 장애인 편의시설 : 없음
- 주차시설 : 없음"
74,하례리생태관광마을,"한라산에서 서귀포바다에 이르는 13km 하천, ‘서귀포 효돈천’은 천연기념물이다. 효돈천 주변에는 난대식물대, 활엽수림대, 관목림대, 고산림대 등 한라산식물군이 모두 존재한다. 특히 법적으로 보호받는 한란, 돌매화나무 등이 자생하고 있으며, 이 구역을 천연보호구역으로 지정·보호하고 있다. 생물권보전 핵심지역인 하례리는 제주도 남쪽에 위치해 따뜻하고, 제주한란과 춘란, 왕벚나무의 자생지이기도 하다. 1300년 탐라는 15개의 현촌을 설치했는데 그중 호촌현이 오늘날 신하례리를 관할했고, 1946년 제주도제가 실시되면서 ‘하례리’가 되었다. 하례리마을에는 자연과 역사가 아름답게 어우러져 있다.

* 문의 : 064-767-0144
* 관련 홈페이지 : <a href=""http://www.ecori.kr"" target=""_blank"" title=""새창 : 하례리생태관광마을 홈페이지로 이동"">http://www.ecori.kr</a>

◎이용안내
- 이용요금 : 전화문의 요망
- 화장실 : 있음(남녀구분)
- 주차시설 : 있음"
75,거제생태탐방로(양지암등대길),"양지조각공원으로 이어지는 길을 따라 조성된 탐방로로 탐방로를 따라 걷다 보면 탁 트인 바다풍경과 조각 등을 관람할 수 있는 아름다운 탐방로이다.


* 문의 : 055-639-4353
* 관련 홈페이지 : <a href=""http://tour.geoje.go.kr"" target=""_blank"" title=""새창 : 거제문화관광 홈페이지로 이동"">http://tour.geoje.go.kr</a>

◎이용안내
- 이용요금 : 무료
- 화장실 : 있음(남녀구분) 
- 주차시설 : 있음"
76,목포시 특정자생식물원,"국내에서는 최초로 개관된 특정자생식물원은 환경오염으로 멸종위기에 처해있거나 요즘 들어 찾아보기 힘든 희귀·보호식물로 지정된 267점을 전시하고 있고, 이러한 희귀 식물들을 증식·보급하여 자연생태계의 산 교육장이 되고 있다.


* 문의 : 061-270-8361
* 관련 홈페이지 : <a href=""http://tour.mokpo.go.kr"" target=""_blank"" title=""새창 : 목포문화관광 홈페이지로 이동"">http://tour.mokpo.go.kr</a>

◎이용안내
- 이용요금 : 무료
- 이용시간 : 09:00~18:00 (연중무휴)
- 화장실 : 있음(남녀구분)
- 장애인 편의시설 : 장애인화장실 있음(남녀공용) / 장애인주차장 3대
- 주차시설 : 있음(일반 30여 대, 대형 10여 대)"
77,백두대간 숲 생태원,"백두대간의 산림생태자원 보전과 보호를 위해 생태교육이 필요한 시점에 백두대간 생태교육장은 산림청과 경상북도 상주시의 노력으로 백두대간 마루금에 국내 유일한 유ㆍ소년 숲생태 전문교육기관으로 백두대간의 역사ㆍ문화ㆍ생태교육을 위해 설립되었으며 상주시산림조합이 2016년 3월 1일부터 상주시로부터 관리권을 인수받아 운영하게 되었다.


* 문의 : 054-536-0914
* 관련 홈페이지 : <a href=""http://www.foresteco.or.kr/"" target=""_blank"" title=""새창 : 상주시 백두대간 생태교육장 홈페이지로 이동"">http://www.foresteco.or.kr/</a>

◎이용안내
- 이용요금 : 이용 프로그램에 따라 상이
- 화장실 : 있음(남녀구분)
- 장애인 편의시설 : 장애인 화장실 있음(남녀구분) / 장애인 주차장 있음(다수 가능)
- 주차시설 : 있음(일반/대형 다수 가능)"
78,낙동강생태문화탐방로 청룡사권,"산 전체가 둥글고 봉을 쌓아 올린 암반은 나각모양이다. 정상에 못 미쳐 좌우측에 있는 봉 중 하나는 원봉이고 또 하나는 첨봉으로 두 개의 봉이 나란히 있다. 보는 방향에 따라 모습을 달리한다. 정상의 봉우리는 토봉으로, 필봉이고 노적봉이어서 부와 귀를 겸하는 산이라 합니다. 산세가 부드럽고 완만하여 가족 동반 산행하기에 좋으며, 소나무가 많이 우거져 있어 삼림욕 하기에도 좋다. 


* 문의 : 054-531-9645
* 관련 홈페이지 : <a href=""http://www.eco-tour.kr/"" target=""_blank"" title=""새창 : 우리나라 생태관광 이야기 홈페이지로 이동"">http://www.eco-tour.kr/</a>

◎이용안내
- 이용요금 : 탐방로 및 해설프로그램 무료이용
- 화장실 : 있음(남녀구분)
- 장애인 편의시설 : 없음
- 주차시설 : 있음(일반 10여 대)"
79,사곡리마을,"사곡리는 2005년부터 무농약농산물 인증(43ha)을 계속해서 받고 있으며 청정자연환경을 잘 간직하고 있는 친환경농업의 최적지로 알려진 마을이다. 우렁이쌀, 찰수수, 고추 등 FTA, DDA 등 어려운 농촌현실에 친환경 농법으로 친환경, 기능성의 고품질 농산물을 생산하며 이러한 생산 과정을 대내외에 알려 안전먹거리를 생산하는 전초기지로 자리매김하는데 혼신의 노력을 하고 있다. 또한 사곡에는 물 맛 좋기로 소문난 약수터가 있으며, 전통문화인 물레방아도 있기 때문에 이러한 점을 볼 때 사곡은 환경 친화적인 마을 조성에 많은 힘을 쏟고 있다.

◎이용안내
- 이용요금 : 무료
- 화장실 : 없음
- 장애인 편의시설 : 없음
- 주차시설 : 있음(일반 다수 가능)"
80,거제생태문화탐방로(천주교순례길)1,"윤봉문(1852~1888, 요셉) 순교자가 박해와 탄압을 피해 종교 활동이 자유로운 대마도로 건너가기 위해 이 길을 지나갔다 하여 천주교 순례길이라 한다.
예구마을선착장에서 시작하여 공곶이를 거쳐서 이말 등대까지 가는 길과 해양문화박물관을 거치는 코스로 총 8구간이다. 거제몽돌해안의 특징과 아름다움을 잘 표현한 동선이며, 공곶이는 거제 8경의 하나로 수선화, 야생화, 동백터널, 종려나무 등 사람의 손끝에서 자연이 얼마나 아름다워질 수 있는지를 보여준다.


* 문의 : 055-639-4353
* 관련 홈페이지 : <a href=""http://tour.geoje.go.kr"" target=""_blank"" title=""새창 : 거제문화관광 홈페이지로 이동"">http://tour.geoje.go.kr</a>

◎이용안내
- 이용요금 : 무료
- 주차시설 : 있음"
81,증도 모실길,"증도는 담양, 완도와 함께 아시아 최초의 슬로시티로 지정된 곳으로, 느려서 행복한 섬이다. 증도에 내리면 우선 눈에 띄는 것은 우리나라 최대의 소금 생산지라는 광활한 태평염전이다. 염전 사이를 지나 한참 가다 보면 우전리에 위치한 우전해수욕장이 보인다. 백사장 길이 4km, 폭 100m의 우전해수욕장은 90여 개의 무인도들이 점점이 떠있는 수평선이 매우 아름다우며, 맑은 물과 주변의 울창한 소나무 숲 때문에 시원스러운 여름날의 피서를 마음껏 맛볼 수 있다. 또한, 방축리 도덕도 앞 송·원대 유물매장해역(국가지정문화재 사적 제74호)은 600여 년 간 바닷속에 잠들어 있던 송·원대 도자기 등 23,024점의 유물이 발굴되면서 국내는 물론 세계의 이목이 집중된 바 있다. 


* 문의 : 061-240-8442
* 관련 홈페이지 : <a href=""http://tour.shinan.go.kr/home/tour"" target=""_blank"" title=""새창 : 신안문화관광 홈페이지로 이동"">http://tour.shinan.go.kr/home/tour</a>

◎이용안내
- 이용요금 : 무료 (일부 프로그램 유료)
- 화장실 : 있음(남녀구분)
- 장애인 편의시설 : 장애인화장실 있음(남녀구분)
- 주차시설 : 있음(일반 100여 대, 대형 15대)"
82,문경한지체험장,"유서 깊은 심산계곡에 순박한 마음으로 반세기 동안 한지를 옛날 그대로 생산하고 있으며 아직까지 한 번도 한지를 떠나 그리고 장소를 떠나 생활해 본 적이 없다. 전통을 잇기 위해 한지제작도구(밭, 발추, 궁글통, 초지통, 닥방망이, 건조기)를 옛것 그대로 사용하고 한지를 뜨는 방식도 전통을 고수하고 있다. 
요즘은 한지의 우수성을 아는 서예가들이나 인근주민들의 주문에 의해서 그 특성에 맞는 한지를 생산하고 있다. 문경 전통한지 작업장은 학생들이 옛것을 그대로 볼 수 있고 직접 실습도 해보면서 우리 조상들의 지혜를 엿볼 수 있는 장소이기도 하다. 


* 문의 : 054-571-2848  

◎이용안내
- 이용요금 : 무료
- 화장실 : 있음(남녀구분)
- 장애인 편의시설 : 없음
- 주차시설 : 있음"
83,문경새재 도립공원,"문경읍에서 서북쪽으로 깊은 협곡을 따라 3.5km 가면 조선 숙종 34년 (1708년)에 쌓은 영남 제1 관문인 주흘관문에 이르며, 3km 더 가면 제2 관문인 조곡관, 이곳에서 3.5km 떨어진 곳에 제3 관문인 조령관이 있다. 이 일대를 1981년 도립공원으로 지정했다. 문경의 3 관문을 품고 있는 주흘산(1,106m)은 관문까지의 험한 계곡에 이루어진 풍치가 매우 뛰어나며, 여궁폭포, 혜국사, 용추, 원터, 교귀정 등의 명소가 있다. 최근에는 KBS촬영장이 들어서 관광명소로 거듭나고 있다. 제1관문 인주흘관에서 제3관문 인조령관까지는 약 6.5km로 왕복 4시간 정도 걸리는 길이지만 길이 완만하고 나무가 우거져 있어 가벼운 트레킹 코스로 인기다. 조곡관 뒤편의 약수터에서는 휴식을 취하기 좋다. 발 씻는 곳이 따로 있어 편안하게 맨발로 산책하기 좋다.

* 문의 : 054-550-8363
* 관련 홈페이지 : <a href=""https://www.gbmg.go.kr/tour/contents.do?mId=0101010100"" target=""_blank"" title=""새창 : 문경문화관광 홈페이지로 이동"">https://www.gbmg.go.kr/</a>

◎이용안내
- 이용요금 : 관람 무료, 주차료 상이
- 화장실 : 있음(남녀구분)
- 장애인 편의시설 : 장애인 화장실 있음(남녀구분) / 장애인 주차장 있음(다수 가능)
- 주차시설 : 있음(일반/대형 다수 가능)"
84,에너지자립섬 자급자족 죽도,"죽도는 홍성군의 하나뿐인 섬으로 1개의 유인도와 11개의 무인도로 이루어져 있는데 섬자체가 고기들의 집이며 산란장이다. 해상낚시터와 죽도 둘레길을 걸으며 느림의 여유와 힐링의 시간을 가질 수 있는 섬이다. 그리고 에너지 자립섬으로 마을 전체가 태양광 발전으로 생활하는 섬으로 친환경에너지의 산 교육장이다.

* 문의 및 안내 : 041-630-9609
* 관련 홈페이지 : <a href=""https://www.hongseong.go.kr/prog/tursmCn/tour/sub01_0205/view.do?cntNo=16"" target=""_blank"" title=""새창 : 홍성 문화관광 홈페이지로 이동"">https://www.hongseong.go.kr/</a>"
85,온달동굴,"온달산성이 있는 성산 기슭 지하에서 약 4억 5,000만 년 전부터 생성되어 온 것으로 추정되는 석회암 천연동굴로 굴과 지굴의 길이가 760m, 입구높이 약 2m이며, 면적은 34만 9485㎡이다. 동굴의 존재는 신증동국여지승람 제14권 충청도 영춘현 고적조에 기록되어 있으며 1966년부터 학술조사가 시행되어 1975년 잠시 공개하였으나, 지리적 여건으로 폐쇄되었다가 대대적인 개발을 통해 1997년부터 다시 일반인에게 개방되었다. 아직 전혀 훼손되지 않은 태곳적 모습을 그대로 간직하고 있다.


* 문의 : 043-423-8820 
* 개장일 : 하절기 09:00~18:00, 동절기 09:00~17:00
* 휴무일 : 연중무휴
* 관련 홈페이지 : <a href=""https://www.dytc.or.kr/main/33"" target=""_blank"" title=""새창 : 온달관광지 홈페이지로 이동"">https://www.dytc.or.kr/</a>

◎이용안내
- 이용요금 : 
개인 - 어른 5,000원, 청소년 3,500원, 어린이 2,500원
단체 - 어른 4,000원, 청소년 2,500원, 어린이 1,500원
- 화장실 : 있음(남녀구분)
- 장애인 편의시설 : 장애인주차장 있음(2대), 장애인화장실 있음(남녀구분)
- 주차시설 : 있음(일반 500여 대, 대형 40여 대)"
86,제천솔방죽 생태공원,"2005년 11월부터 2006년 11월까지 1년간 청전제천 21 실천협의회 연구분과위원회에서 연구, 조사를 위탁하고 모니터링하여 사업비 14억 6천7백만 원 을 들여 시내권 내에 조성한 생태공원이다. 솔방죽의 저수 유입은 비룡담(제2 의림지)으로부터 농업용수를 사용 후 잠시 이곳에 저장된다. 원래의 연못은 1872년에 제작된 군, 현 지도에 ‘유등지’로 표기되었으나 ‘작은 연못’으로 불렸는데 청정제천 21 실천협의회에서 공원화 조성에 따라 ‘솔방죽’으로 이름을 붙였으며 제천시에서 처음으로 생태공원이라는 이름을 붙여 조성한 곳이다. 생태공원의 규모는 연면적 28,096㎡ 로 동서 220m, 남북 80~100m의 크기 저수지에 3개의 지역으로 나누어 조성되었다.


* 문의 : 043-641-6731~3 
* 휴무일 : 연중무휴 
 

◎이용안내
- 이용요금 : 무료
- 화장실 : 있음(남녀구분) 
- 장애인 편의시설 : 장애인화장실 있음(남녀공용)
- 주차시설 : 없음"
87,서귀포시 성산포,"유네스코 세계자연유산에 등재된 생태 여행지를 많이 품고 있는 제주도에서도 성산포는 더 특별하다. 2007년에 유네스코 세계자연유산 등재, 2010년에 세계지질공원에 등재된 성산일출봉을 품고 있기 때문이다. 제주의 일출명소로 잘 알려진 성산일출봉 전체와 반경 1km 이내 해역은 희귀 생물이 많이 서식하는 생태의 보고다. 그래서 2000년 7월부터 성산일출봉천연보호구역으로 지정하여 보호해왔다.
성산포 일대는 원래 섬이었으나 주위에 사주가 쌓이면서 육지와 연결되었다. 사주로 인해 생긴 만의 서쪽은 해조류가 풍부하고, 넓은 갈대밭이 있어 겨울이면 철새들이 잠시 쉬어가는 철새 도래지이기도 하다. 이곳에는 매년 청둥오리·알락오리·아비류·논병아리류·물떼새류·해오라기류 등 다수의 철새가 찾아온다. 성산포 해안 일대는 녹조류·홍조류·갈조류 등 총 127여 종의 우리나라를 대표하는 해안식물이 서식하고 있어 국내 해양생물을 연구하는 데 중요한 지역이다. 
성산포는 성산일출봉에서 보는 일출과는 다른 해돋이를 감상할 수 있다. 유람선을 타면 성산 일출봉을 비롯해 용머리바위와 말뚝바위, 독수리바위, 주간명월, 후해석벽, 공룡바위, 멧돼지벽화 등 제주도와 우도의 수려한 해안 절경을 감상할 수 있다. 바다낚시를 체험할 수 있는 낚시유람선도 있어 직접 고기를 잡으며 짜릿한 손맛을 느껴볼 수도 있다.

* 문의 : 064-710-3314
* 휴무일 : 연중무휴
* 지정현황 : 성산일출봉천연보호구역(천연기념물)
* 관련 홈페이지 : <a href=""https://www.visitjeju.net"" target=""_blank"" title=""새창 : 비짓제주 홈페이지로 이동"">https://www.visitjeju.net</a>

◎이용안내
- 이용요금 : 없음
- 화장실 : 있음
- 주차시설 : 있음"
88,선암골생태유람길(고개넘어길),"신선이 노닐다 간 자리라고 하여 퇴계 이황 선생이 친히‘삼선구곡(三仙九曲)’이라는 이름을 붙여 준 선암계곡은 10km에 이르는 청정계곡으로 도로와 가까이 있어서 시원하게 드라이브를 즐기면서 맑은 물과 눈부시게 하얀 너럭바위가 옹기종기 모인 풍경을 감상할 수 있는 코스이다. 


* 문의 : 043-420-2552
* 관련 홈페이지 : <a href=""https://www.danyang.go.kr/tour/527"" target=""_blank"" title=""새창 : 단양 문화관광 홈페이지로 이동"">https://www.danyang.go.kr/</a>

◎이용안내
- 이용요금 : 무료
- 화장실 : 없음
- 장애인 편의시설 : 없음
- 주차시설 : 없음"
89,함평곤충생태관,"국내의 나비 및 곤충관찰원 등의 연출을 통하여 청정한 자연의 생명력과 생태계의 이치를 깨닫고 느끼게 하여 일상을 벗어나 여유를 즐길 수 있는 생태학습교육장이다.

* 문의 : 061-320-2213 
* 관련 홈페이지 : <a href=""https://www.hampyeong.go.kr/expopark/"" target=""_blank"" title=""새창 : 함평엑스포공원 홈페이지로 이동"">https://www.hampyeong.go.kr/expopark/</a>

◎ 이용안내
- 이용요금 : 어른 - 5,000원, 청소년, 군인 - 3,500원, 어린이, 65세 이상 - 2,500원, 유치원생 - 1,500원
- 화장실 : 있음(남녀구분)
- 장애인 편의시설 : 장애인화장실 있음(남녀공용) / 장애인주차장 3대
- 주차시설 : 있음(일반 150여 대, 대형 30여 대)"
90,태안해안 국립공원,"태안해안국립공원은 1978년 우리나라 13번째 국립공원으로 지정되었다. 태안반도와 안면도를 남북으로 아우른 230km의 해안선에 27개의 해변이 펼쳐지며, 전체 면적은 377.019㎢이다. 예로부터 큰 자연재해가 없고 온화한 기후와 풍부한 먹거리로 삶이 고단하지 않아 지명을 태안(泰安)이라고 하였다. 리아스식 해안을 따라 펼쳐진 갯벌과 사구, 기암괴석과 크고 작은 섬들이 서해 특유의 아름다운 경관을 자랑한다. 태안해안국립공원은 다양한 해안생태계가 공존하는 국내 유일의 해안형 공원으로 보전가치가 매우 크다.


* 문의 : 041-672-9737
* 관련 홈페이지 : <a href=""http://taean.knps.or.kr/"" target=""_blank"" title=""새창 : 태안해안국립공원 홈페이지로 이동"">http://taean.knps.or.kr/</a>

◎이용안내
- 이용요금 : 시설 이용료 상이, 홈페이지 참조
- 화장실 : 있음(남녀구분)
- 장애인 편의시설 : 장애인주차장 1대 / 장애인화장실 있음(남녀공용)
- 주차시설 : 있음"
91,정남진(편백숲우드랜드),"정남진 장흥은 서울 광화문에서 정남 쪽에 위치한 관광지로 산과 바다와 강이 있는 아름다운 생태 고을이다. 그중에서도 초록의 상쾌한 바람과 아름드리 40년생 편백나무가 빼곡히 들어선 정남진 편백숲 우드랜드는 으뜸이라고 할 수 있다. 장흥읍 시내를 한눈에 바라볼 수 있는 억불산 자락에 자리 잡은 우드랜드는 목재문화체험관, 전통한옥 등 아름다운 펜션 단지 생태건축체험장과 전남목공예센터 그리고 치유의 숲과 편백소금집(찜질방) 등을 갖추고 있으며 피톤치드와 음이온이 편안한 휴식과 관광체험의 기회를 제공할 것이다.


* 문의 : 061-864-0063
* 관련 홈페이지 : <a href=""http://www.jhwoodland.co.kr"" target=""_blank"" title=""새창 : 장흥우드랜드 홈페이지로 이동"">http://www.jhwoodland.co.kr</a>

◎이용안내
- 이용요금 : 목공예체험은 재료별로 상이, 톱밥찜질체험은 20,000원으로 이용되며, 나머지 프로그램의 경우 무료로 이용할 수 있다.
- 화장실 : 있음(남녀구분)
- 장애인 편의시설 : 장애인화장실 있음(남녀구분)
- 주차시설 : 있음(일반 130여 대, 대형 30여 대)"
92,금정산명소,"약 7천만 년 전 지하에서 마그마가 식어서 생성된 화강암이 융기하여 형성된 부산 땅의 뿌리를 이루는 산이다. 오랜 세월 비바람에 깎이고 다듬어져 만들어진 기암절벽, 토르, 나마, 인셀베르그, 블록스트림 등의 우아한 화강암 지형을 감상할 수 있다. 범어사, 금정산성 등의 부산의 역사 유적과 다양한 산악식물을 감상할 수 있으며, 탐방 중 산정상에서 마실 수 있는 시원한 산성막걸리도 일품이다.

* 문의 : 051-888-3636 
* 관련 홈페이지 : <a href=""http://www.busan.go.kr/geopark/index/"" target=""_blank"" title=""새창 : 부산지오파크 홈페이지로 이동"">http://www.busan.go.kr/geopark/index/</a>

◎이용안내
- 이용요금 : 무료
- 화장실 : 있음(남녀구분)
- 장애인 편의시설 : 장애인주차장 있음(2대)
- 주차시설 : 있음(50여 대)"
93,무안갯벌,"무안갯벌의 면적은 147.6㎢로 전국 갯벌면적 2,489.4㎢의 5.9%를 차지하고 있다. 특히, 전라남도 무안군 현경면과 해제면 일대 42㎢는 2001년 12월 28일 국내 최초 갯벌습지보호지역으로 지정되었다. 약 3,000년의 시간을 간직한 무안갯벌은 아직도 갯벌의 생성과 소멸 과정을 볼 수 있는 곳으로 활발한 해안 침식으로 인한 육지의 토양과 사구의 영향으로 칠면초, 강아지풀, 갯질경이 등 염생식물과 깃돌말목, 중심돌말목 등 식물성 플랑크톤 등 다양한 갯벌생물이 서식하고 있다. 또한, 이들을 먹이로 하는 조류 38종과 수산생물 36종, 저서동물 229종 등도 관찰된다.

무안갯벌은 2001년 국내 최초 갯벌습지보호지역, 2008년에는 람사르습지 및 갯벌도립공원으로 지정되었으며, 무안군에서는 이러한 천혜의 갯벌자원을 보존하고 홍보하기 위해 2011년 무안생태갯벌센터를 개관하여 운영하다가 숙박과 먹거리 등이 있는 사계절 관광지로 확대조성하고 무안황토갯벌랜드로 명칭변경하여 2018년 1월부터 운영 중에 있다.

* 문의 및 안내 : 061-450-5650
* 휴무일 : 1월 1일, 설날, 추석날, 매주 월요일(공휴일인 경우 다음날)
* 지정현황 : 갯벌습지보호구역(2001년 12월 28일), 람사르 습지(2007년 1월 14일), 갯벌도립공원(2008년 6월 5일)
* 관련 홈페이지 : <a href=""http://getbol.muan.go.kr/"" target=""_blank"" title=""새창 : 무안황토갯벌랜드 홈페이지로 이동"">http://getbol.muan.go.kr/</a>

◎이용안내
- 이용요금 :
개인 : 어른 4,000원 / 청소년․군인 3,000원 / 어린이 2,000원
단체 : 어른 3,000원 / 청소년․군인 2,000원 / 어린이 1,000원
- 화장실 : 있음 
- 주차시설 : 있음"
94,왕피천생태탐방로,"식생이 우수하고 옛 정취를 느낄 수 있는 ‘울진 왕피천’, 울진의 빼어난 전경과 친환경적이고 우수한 프로그램을 몸소 체험할 수 있는 곳이다. 멸종위기종과 희귀 야생동식물의 서식지이며, 생태관광지역으로 지정·보호하고 있다. 북서쪽 계곡에서 북동쪽으로 흐르는 장수포천(長水逋川)은 왕피리를 지나면서부터 ‘왕피천’이라 불립니다. 광천과 매화천은 풍경이 수려하기로 유명하고, 특히 불영계곡은 자연명승 제6호로 지정될 정도로 아름답다. 왕피천은 예로부터 사람의 접근이 어려운 오지여서 원시 그대로의 모습을 간직하고 있는데, 어원처럼 ‘왕이 피신해 온 곳’이라는 뜻이 담겨있다. 


* 문의 : 054-781-8897
* 휴무일 : 매주 월요일, 명절, 공휴일
* 관련 홈페이지 : <a href=""http://www.wangpiecotour.com/"" target=""_blank"" title=""새창 : 왕피천생태탐방로 홈페이지로 이동"">http://www.wangpiecotour.com/</a>

◎이용안내
- 이용요금 : 이용 프로그램에 따라 이용요금 상이함 / 생태탐방 해설프로그램 전화 문의 요망
- 화장실 : 있음(남녀공용)
- 장애인 편의시설 : 장애인 화장실 있음(남녀공용) / 장애인 주차장 있음(다수 가능)
- 주차시설 : 있음(다수 가능)"
95,한탄강변자연생태탐방로(벼롯길),"지금은 북녘 땅인 강원도 평강군 오리산에서 거대한 화산이 폭발한 후, 물처럼 점성이 낮은 현무암질용암이 한탄강을 따라 흐르고 흘러 철원과 포천, 연천을 지나 파주까지 이르렀다. 강물과 만난 용암은 빠르게 식어 육각형 연필심 모양 주상절리가 되었는데, 그 틈으로 다시 강물이 흐르면서 바위를 조금씩 깎아 거대한 현무암 협곡을 만들었다. 한탄강벼룻길은 계절마다 색다른 풍경을 볼 수 있지만, 늦가을 푸른 하늘 아래 낙엽을 밟으며 걷는 맛이 각별하다. 대중교통을 이용하기에는 비둘기낭폭포가 편리하기 때문이다. 짙푸른 비둘기낭폭포 아래 소에도 낙엽이 수북하다.


* 문의 : 031-538-2312 
* 관련 홈페이지 : <a href=""http://hantangeopark.kr"" target=""_blank"" title=""새창 : 한탄강지질공원 홈페이지로 이동"">http://hantangeopark.kr</a>

◎이용안내
- 이용요금 : 무료 / 도보 탐방
- 화장실 : 없음
- 장애인 편의시설 : 없음
- 주차시설 : 없음"
96,갯골생태문화탐방로,"시흥갯골생태공원은 경기도 유일의 내만 갯골과 옛 염전의 정취를 느낄 수 있는 아름다운 곳이다. 칠면초, 나문재, 퉁퉁마디 등의 염생식물과 붉은 발 농게, 방게 등 각종 어류, 양서류가 서식하고 있어 자연 생태가 온전히 보전되어 있으며 시흥갯골은 2012년 2월 국가습지보호구역으로 지정되었다. 시에서는 이곳을 친환경적 개발로 국가적 명소화, 세계적 관광지화를 목표로 공원조성을 완료할 계획이며 매년 ‘시흥갯골축제’가 열리는 장소이기도 하다.


* 문의 : 031-488-6900
* 관련 홈페이지 : <a href=""https://www.shsi.or.kr/mainPage.do"" target=""_blank"" title=""새창 : 시흥도시공사 홈페이지로 이동"">https://www.shsi.or.kr/</a>

◎이용안내
- 이용요금 : 탐방로 이용은 무료로 상시이용이 가능
※ 해수체험장의 경우 1인당 3,000원 / 염전체험장의 경우 1인당 4,000원
기타 문의사항은 시흥 갯골생태공원 인포센터로 문의 (031-488-6900)
- 화장실 : 있음(남녀구분) 
- 장애인 편의시설 : 장애인화장실 있음(남녀구분)
- 주차시설 : 있음"
97,소백산국립공원(영주),"1987년 18번째 국립공원으로 지정되었으며 면적은 322.011㎢로 지리산, 설악산, 오대산에 이어 산악형 국립공원 가운데 네 번째로 넓다. 해발 1,439.5m인 비로봉을 중심으로 국망봉(1,420.8m), 연화봉(1,383m), 도솔봉(1,314.2m) 등이 백두대간 마루금 상에 솟아있다. 퇴계 이황이 “울긋불긋한 것이 꼭 비단 장막 속을 거니는 것 같고 호사스러운 잔치 자리에 왕림한 기분”이라며 소백산 철쭉의 아름다움을 묘사한 것처럼 수많은 탐방객이 봄철 소백산국립공원을 방문하고 있으며, 겨울이면 장중한 백두대간 위에 설화가 만발하는 절경을 이룬다.

* 문의 : 054-630-0700
* 관련 홈페이지 : <a href=""http://www.knps.or.kr/""title=""새창: 국립공원""target=""_blank"">http://www.knps.or.kr/</a>

◎이용안내
- 이용요금 : 시설별 이용료 상이
- 화장실 : 있음(남녀구분)
- 장애인 편의시설 : 없음
- 주차시설 : 있음 (일반 다수 가능 / 대형 10여 대)"
98,낙동강생태문화탐방로 경천대권,"산 전체가 둥글고 봉을 쌓아 올린 암반은 나각모양이다. 정상에 못 미쳐 좌우측에 있는 봉 중 하나는 원봉이고 또 하나는 첨봉으로 두 개의 봉이 나란히 있다. 보는 방향에 따라 모습을 달리한다. 정상의 봉우리는 토봉으로, 필봉이고 노적봉이어서 부와 귀를 겸하는 산이라 한다. 산세가 부드럽고 완만하여 가족 동반 산행하기에 좋으며, 소나무가 많이 우거져 있어 삼림욕 하기에도 좋다. 


* 문의 : 054-537-7371
* 관련 홈페이지 : <a href=""http://www.eco-tour.kr/"" target=""_blank"" title=""새창 : 우리나라 생태관광 이야기 홈페이지로 이동"">http://www.eco-tour.kr/</a>

◎이용안내
- 이용요금 : 탐방로 및 해설프로그램 무료
- 화장실 : 있음(남녀구분)
- 장애인 편의시설 : 장애인 화장실 있음(남녀구분), 장애인 주차장 있음(10여대)
- 주차시설 : 있음(일반 20여대 / 대형 10여대)"
99,땅끝길,"국토순례길의 일번지 땅끝 해남! 한반도의 기를 품은 백두대간이 길고 장엄한 호흡을 멈추고 창망한 바다를 향해 푸른 꿈을 다시 꾸는 곳에서 땅끝길&순례길은 시작된다.
더 이상 갈 수 없는 땅, 그곳에서 다시 붙잡은 희망, 그래서 땅끝은 끝이 아닌 시작이요 희망이다.
땅끝 맴섬 일출과 시작되는 해남 땅끝길& 순례길은 동백향 가득한 상록수림이 어우러진 산길, 돌담이 예쁜 마을고샅길, 마늘밭 황토밭 들길, 바닷가 모래사장을 아우르는 해변길 등 다양한 테마를 가지고 있다.

* 문의 : 061- 530-5228
* 관련 홈페이지 : <a href=""http://www.haenam.go.kr/tour"" target=""_blank"" title=""새창 : 해남 문화관광 홈페이지로 이동"">http://www.haenam.go.kr/tour</a>

◎ 이용안내
- 이용요금 : 무료
- 화장실 : 있음(남녀구분)
- 장애인 편의시설 : 장애인주차장 1대
- 주차시설 : 있음(일반 50여대, 대형 15대)"
